-- phpMyAdmin SQL Dump
-- version 3.5.1
-- http://www.phpmyadmin.net
--
-- Хост: 127.0.0.1
-- Время создания: Май 10 2016 г., 01:05
-- Версия сервера: 5.5.25
-- Версия PHP: 5.3.13

SET SQL_MODE="NO_AUTO_VALUE_ON_ZERO";
SET time_zone = "+00:00";


/*!40101 SET @OLD_CHARACTER_SET_CLIENT=@@CHARACTER_SET_CLIENT */;
/*!40101 SET @OLD_CHARACTER_SET_RESULTS=@@CHARACTER_SET_RESULTS */;
/*!40101 SET @OLD_COLLATION_CONNECTION=@@COLLATION_CONNECTION */;
/*!40101 SET NAMES utf8 */;

--
-- База данных: `diplom`
--

-- --------------------------------------------------------

--
-- Структура таблицы `actions`
--

CREATE TABLE IF NOT EXISTS `actions` (
  `id` int(16) NOT NULL AUTO_INCREMENT,
  `time` timestamp NOT NULL DEFAULT CURRENT_TIMESTAMP,
  `admin` varchar(255) NOT NULL,
  `code` varchar(255) NOT NULL,
  `ip` varchar(30) NOT NULL,
  `browser` varchar(255) NOT NULL,
  UNIQUE KEY `id` (`id`)
) ENGINE=MyISAM  DEFAULT CHARSET=utf8 AUTO_INCREMENT=5 ;

--
-- Дамп данных таблицы `actions`
--

INSERT INTO `actions` (`id`, `time`, `admin`, `code`, `ip`, `browser`) VALUES
(1, '2016-05-08 18:05:47', 'admin', 'hotels_edit', '127.0.0.1', 'Mozilla/5.0 (Windows NT 6.1) AppleWebKit/537.36 (KHTML, like Gecko) Chrome/50.0.2661.94 Safari/537.36'),
(2, '2016-05-09 20:26:30', 'admin', 'hotels_edit', '127.0.0.1', 'Mozilla/5.0 (Windows NT 6.1) AppleWebKit/537.36 (KHTML, like Gecko) Chrome/50.0.2661.94 Safari/537.36'),
(3, '2016-05-09 20:28:06', 'admin', 'hotels_edit', '127.0.0.1', 'Mozilla/5.0 (Windows NT 6.1) AppleWebKit/537.36 (KHTML, like Gecko) Chrome/50.0.2661.94 Safari/537.36'),
(4, '2016-05-09 20:29:15', 'admin', 'hotels_edit', '127.0.0.1', 'Mozilla/5.0 (Windows NT 6.1) AppleWebKit/537.36 (KHTML, like Gecko) Chrome/50.0.2661.94 Safari/537.36');

-- --------------------------------------------------------

--
-- Структура таблицы `admin`
--

CREATE TABLE IF NOT EXISTS `admin` (
  `id` int(11) NOT NULL AUTO_INCREMENT,
  `login` varchar(255) NOT NULL,
  `pass` varchar(255) NOT NULL,
  UNIQUE KEY `id` (`id`)
) ENGINE=MyISAM  DEFAULT CHARSET=utf8 AUTO_INCREMENT=2 ;

--
-- Дамп данных таблицы `admin`
--

INSERT INTO `admin` (`id`, `login`, `pass`) VALUES
(1, 'admin', 'bonch5');

-- --------------------------------------------------------

--
-- Структура таблицы `directions`
--

CREATE TABLE IF NOT EXISTS `directions` (
  `id` int(16) NOT NULL AUTO_INCREMENT,
  `country` varchar(255) NOT NULL,
  `city` varchar(255) NOT NULL,
  UNIQUE KEY `id` (`id`)
) ENGINE=MyISAM  DEFAULT CHARSET=utf8 AUTO_INCREMENT=32 ;

--
-- Дамп данных таблицы `directions`
--

INSERT INTO `directions` (`id`, `country`, `city`) VALUES
(2, 'Турция', 'Стамбул'),
(3, 'Турция', 'Белек'),
(4, 'Турция', 'Бурса'),
(5, 'ОАЭ', 'Дубай'),
(6, 'ОАЭ', 'Абу-Даби'),
(7, 'Таиланд', 'Бангкок'),
(8, 'Австрия', 'Цель-ам-Зе'),
(9, 'Иордания', 'Амман'),
(10, 'Египет', 'Шарм-эль-Шейх'),
(11, 'Таиланд', 'Паттайя'),
(12, 'Филиппины', 'Манила'),
(13, 'Великобритания', 'Бригг'),
(14, 'Великобритания', 'Лондон'),
(15, 'Швейцария', 'Интерлакен'),
(16, 'Австрия', 'Зальцбург'),
(17, 'Испания', 'Риполь'),
(19, 'ОАЭ', 'Аджман'),
(20, 'Саудовская Аравия', 'Джедда'),
(21, 'Саудовская Аравия', 'Медина'),
(22, 'Швейцария', 'Женева'),
(23, 'Италия', 'Azzano Mella'),
(24, 'Франция', 'Роде'),
(25, 'Марокко', 'Bouznika'),
(26, 'Ливан', 'Бейрут'),
(27, 'Египет', 'Каир'),
(28, 'Египет', 'Луксор'),
(29, 'Малайзия', 'Куала-Лумпур'),
(30, 'Швейцария', 'Мерлиген'),
(31, 'Турция', 'Трабзон');

-- --------------------------------------------------------

--
-- Структура таблицы `food`
--

CREATE TABLE IF NOT EXISTS `food` (
  `id` int(16) NOT NULL AUTO_INCREMENT,
  `hotel_id` int(11) NOT NULL,
  `selected` int(11) NOT NULL,
  UNIQUE KEY `id` (`id`)
) ENGINE=MyISAM  DEFAULT CHARSET=utf8 AUTO_INCREMENT=136 ;

--
-- Дамп данных таблицы `food`
--

INSERT INTO `food` (`id`, `hotel_id`, `selected`) VALUES
(14, 4, 2),
(13, 4, 4),
(12, 4, 3),
(11, 4, 1),
(19, 6, 1),
(20, 6, 3),
(21, 7, 1),
(22, 7, 2),
(23, 8, 6),
(24, 8, 2),
(25, 8, 4),
(26, 9, 3),
(27, 9, 5),
(28, 10, 5),
(29, 10, 1),
(30, 10, 2),
(31, 11, 4),
(32, 12, 5),
(33, 12, 1),
(34, 13, 3),
(35, 14, 1),
(36, 14, 3),
(37, 14, 2),
(38, 14, 6),
(39, 15, 5),
(40, 16, 6),
(41, 17, 4),
(42, 18, 2),
(43, 18, 4),
(44, 18, 6),
(45, 19, 6),
(46, 19, 1),
(47, 19, 5),
(48, 20, 2),
(51, 22, 4),
(52, 23, 2),
(53, 23, 1),
(54, 24, 5),
(55, 24, 4),
(56, 24, 6),
(57, 24, 2),
(58, 25, 5),
(59, 25, 6),
(60, 25, 3),
(61, 26, 3),
(62, 26, 2),
(63, 27, 1),
(64, 27, 6),
(65, 27, 2),
(66, 28, 4),
(67, 28, 2),
(68, 28, 5),
(69, 29, 6),
(70, 29, 2),
(71, 30, 5),
(72, 31, 3),
(73, 31, 1),
(74, 32, 3),
(75, 32, 1),
(76, 32, 2),
(77, 33, 2),
(78, 33, 5),
(79, 34, 3),
(80, 35, 3),
(81, 35, 6),
(82, 35, 1),
(83, 36, 4),
(84, 37, 6),
(85, 38, 1),
(86, 38, 3),
(87, 39, 3),
(88, 40, 2),
(89, 40, 5),
(90, 40, 4),
(91, 40, 1),
(92, 41, 5),
(93, 41, 3),
(94, 42, 3),
(95, 42, 4),
(96, 43, 4),
(97, 43, 6),
(98, 43, 3),
(99, 43, 1),
(100, 43, 5),
(101, 44, 1),
(102, 44, 2),
(103, 45, 1),
(104, 45, 5),
(105, 45, 4),
(106, 46, 5),
(107, 47, 2),
(108, 47, 6),
(109, 47, 4),
(110, 48, 3),
(111, 48, 1),
(112, 48, 6),
(113, 49, 5),
(114, 49, 2),
(115, 49, 3),
(116, 50, 1),
(117, 50, 3),
(118, 50, 4),
(119, 51, 2),
(135, 21, 5),
(134, 21, 3),
(133, 5, 6),
(132, 5, 5),
(131, 5, 2),
(130, 5, 1);

-- --------------------------------------------------------

--
-- Структура таблицы `hotels`
--

CREATE TABLE IF NOT EXISTS `hotels` (
  `id` int(16) NOT NULL AUTO_INCREMENT,
  `directions_id` int(11) NOT NULL,
  `title` varchar(255) NOT NULL,
  `stars` int(11) NOT NULL,
  `parking` int(11) DEFAULT NULL,
  `about` text,
  `outdoors` text,
  `services` text,
  `internet` text,
  `animals` text,
  `checkin` varchar(255) NOT NULL,
  `departure` varchar(255) NOT NULL,
  `address` varchar(255) NOT NULL,
  UNIQUE KEY `id` (`id`)
) ENGINE=MyISAM  DEFAULT CHARSET=utf8 AUTO_INCREMENT=52 ;

--
-- Дамп данных таблицы `hotels`
--

INSERT INTO `hotels` (`id`, `directions_id`, `title`, `stars`, `parking`, `about`, `outdoors`, `services`, `internet`, `animals`, `checkin`, `departure`, `address`) VALUES
(4, 8, 'Ab auf die Piste Appartement', 2, 4, 'Апартаменты Ab auf die Piste находятся прямо на горнолыжном склоне, в 5 минутах ходьбы от канатной дороги Шмиттенхоенбан. К услугам гостей апартаменты с кухнями и бесплатным Wi-Fi, сад с меблированной террасой и бассейн.Из просторных апартаментов открывается живописный вид на горы. В апартаментах есть гостиная зона с диваном и телевизором с плоским экраном и кабельными каналами. К услугам гостей также полностью оборудованная кухня, обеденная зона и собственная ванная комната с душем.По запросу предоставляют трансфер до аэропорта. Гости могут пользоваться бесплатной парковкой.Гольф-клуб Целль-ам-Зее находится в 6 км от апартаментов, а центр города Целль-ам-Зее - в 10 минутах ходьбы.', 'Барбекю , Сад, Терраса, Терраса для загара', 'Трансфер (за дополнительную плату), Трансфер от/до аэропорта (платный)', 'Бесплатно! Wi-Fi предоставляется на территории всего отеля бесплатно.', 'Бесплатно! Размещение домашних животных допускается по предварительному запросу. Дополнительная плата не взимается.', '15:00', '12:00', 'Schmittenweg 36, 5700 Цель-ам-Зе'),
(5, 2, 'All Seasons Hotel', 5, 2, 'Отель All Seasons находится в историческом центре Стамбула. До площади Султанахмет, Гранд базара, Собора Святой Софии можно прогуляться за 5 минут. К услугам гостей сауна и массажный кабинет.Современные номера отеля располагают ЖК-телевизорами, кондиционерами, мини-барами и электрическими чайниками. Предоставляется бесплатный беспроводной доступ в Интернет.В ресторане Seasons сервируют обед и ужин по меню. Напитки можно заказать в баре Seasons и кафе Lule с балконом.Отель All Seasons находится всего в 2 минутах ходьбы от трамвайной остановки Findikzade. Отсюда можно легко добраться до многих других достопримечательностей города. На территории отеля есть бесплатная частная парковка.', 'Сад', 'Доставка еды и напитков в номер, Прокат автомобилей, Трансфер (за дополнительную плату), Трансфер от/до аэропорта (платный), Круглосуточная стойка регистрации, Обмен валюты, Экскурсионное бюро, Камера хранения багажа, Банкомат на территории отеля, Услуги консьержа, Прачечная, Химчистка, Услуги по глажению одежды, Конференц-зал/Банкетный зал, Факс/Ксерокопирование', 'Бесплатно! Wi-Fi предоставляется на территории всего отеля бесплатно.', 'Размещение домашних животных не допускается.', '12:00', '11:00', 'Molla Gurani Cad. Emin Ali Yasin Sok. No: 5 F?nd?kzade, Фатих, 34270 Стамбул'),
(6, 9, 'Amman International Hotel', 2, 4, 'Этот 4-звездочный отель находится рядом с университетом Иордании. К услугам гостей номера с кондиционером и телевизором с плоским экраном, а также открытый бассейн и 4 ресторана.Все просторные номера отеля Amman International оснащены бесплатным Wi-Fi и собственной ванной комнатой с ванной. В некоторых номерах есть балкон.В ресторанах и кафе отеля вам будут предложены разнообразные блюда. Кроме того, гости могут отдохнуть в лаундже с креслами и библиотеке. В главном баре-ресторане транслируются последние спортивные события и звучит живая музыка.В банкетных залах отеля Amman International проводятся конференции и другие мероприятия. Территорию вокруг бассейна можно использовать для проведения свадеб и торжественных ужинов. Сотрудники отеля могут в любое время суток организовать экскурсии по городу с гидом и однодневные туры по Иордании.Отель находится в 35 км от международного аэропорта Королева Алия. Поездка от отеля до Королевского культурного центра и Военного музея занимает менее 15 минут.', 'Барбекю , Открытый бассейн (работает круглый год), Сад, Терраса', 'Доставка еды и напитков в номер, Упакованные ланчи, Прокат автомобилей, Трансфер (за дополнительную плату), Трансфер от/до аэропорта (платный), Круглосуточная стойка регистрации, Ускоренная регистрация заезда/отъезда, Обмен валюты, Экскурсионное бюро, Услуги по продаже билетов, Камера хранения багажа, Услуги консьержа, Няня/Услуги по уходу за детьми, Прачечная, Химчистка, Услуги по глажению одежды, Чистка обуви, Конференц-зал/Банкетный зал, Бизнес-центр, Факс/Ксерокопирование, Сувенирный магазин, V.I.P. Услуги, Люкс для новобрачных', 'Бесплатно! Wi-Fi предоставляется на территории всего отеля бесплатно.', 'Размещение домашних животных не допускается.', '14:00', '12:00', 'Habab Bin Al Munzer Street, Infront Of The Jordanian University, 11181 Амман'),
(7, 10, 'Amwaj Oyoun Hotel & Resort Sharm El Sheikh', 3, 5, 'Большой курортный комплекс AA Amwaj располагает частным песчаным пляжем, сооружениями для различных водных видов спорта и бассейном в форме лагуны с водопадами. Также в этом 5-звездочном отеле есть торговый пассаж.В номерах курортного отеля AA Amwaj есть собственные балконы или террасы, а также просторный гостиный уголок с телевизором с плоским экраном и спутниковыми каналами. В ванных комнатах номеров вы найдете ванны и телефоны.К услугам гостей 8 различных ресторанов и баров, в том числе ресторан "шведский стол" Onyoun и итальянский ресторан Primi Piatti. Напитки и коктейли можно заказать в пабе и баре Soweto.Международный аэропорт Шарм-эль-Шейха находится в 9 км от курортного отеля АА Amwaj, а залив Наама - в 20 км. В 11 км расположен остров Тиран, а в 40 км - национальный парк Рас Мохаммед.', 'Открытый плавательный бассейн , Сад, Терраса, Терраса для загара', 'Доставка еды и напитков в номер, Прокат автомобилей, Круглосуточная стойка регистрации, Обмен валюты, Прачечная, Сувенирный магазин', 'Wi-Fi предоставляется в общественных зонах по цене  USD  10  в час.', 'Размещение домашних животных не допускается.', '13:00', '12:00', 'Nabq Bay, 45214 Шарм-эль-Шейх'),
(8, 11, 'Avalon Beach Resort', 4, 5, 'Четырехзвездочный курортный отель Avalon Beach расположен на пляже Донгтарн в Джомтьене. К вашим услугам просторные номера с отдельными балконами. В отеле имеется открытый бассейн, окруженный тропическими садами. Wi-Fi предоставляется на территории всего отеля.Курортный отель Avalon находится в 2 часах езды от Бангкока и в 10 минутах езды от центра Паттайи. Пирс Бали Хай и популярная Уокинг-стрит Паттайи расположены в 3 км от курортного отеля.Светлые и просторные номера имеют плиточные или деревянные полы и освещение в теплых тонах. Номера оснащены кондиционером и телевизором с плоским экраном диагональю 29 дюймов. Также в номерах есть гостиные уголки на отдельных балконах и собственные ванные комнаты с ванной и душем.Гости могут обедать на террасе курортного отеля с видом на бассейн и океан. Там подаются завтрак, обед и ужин из блюд местной и интернациональной кухни. Предоставляется круглосуточное обслуживание номеров.', 'Открытый плавательный бассейн , Открытый бассейн (работает круглый год), Сад, Терраса для загара', 'Доставка еды и напитков в номер, Круглосуточная стойка регистрации, Экскурсионное бюро, Камера хранения багажа, Прачечная, Сувенирный магазин', 'Wi-Fi предоставляется на территории всего отеля по цене  THB  100  в сутки.Проводной доступ в Интернет предоставляется на территории всего отеля за  дополнительную плату.', 'Размещение домашних животных не допускается.', '12:00', '12:00', '436 Moo 12, Thuppraya Road, Jomtien, Banglamung, Chonburi, 20150 Паттайя Юг'),
(9, 5, 'Avenue Hotel Dubai', 1, 5, 'Отель Avenue расположен в самом сердце Дубая. К услугам гостей номера с кондиционерами и телевизорами с плоским экраном. На крыше отеля имеется бассейн с панорамным видом на город. Аэропорт Дубая находится всего в 3,9 км от отеля.Номера в отеле Avenue Dubai оформлены в современном стиле в теплой цветовой гамме и обставлены элегантной европейской мебелью. Во всех номерах есть рабочий стол, мини-бар, а также принадлежности для чая/кофе.В ресторане 24 Seven Manhattan на завтрак, обед и ужин сервируется интернациональный "шведский стол". Гости могут заказать приготовленные на гриле стейки и морепродукты в ресторане Gold Rush, который оформлен в тематике американского "Дикого запада".Сотрудники круглосуточной стойки регистрации могут помочь вам с организацией экскурсий к главным достопримечательностям Дубая. В отеле также есть фитнес-центр, сувенирный магазин и прокат автомобилей.Станция метро Al Rigga находится всего в нескольких шагах от отеля. Торговый центр Deira City Center расположен в 1,4 км, а гольф- и яхт-клуб Dubai Creek – в 2,3 км от отеля. На территории отеля есть бесплатная частная парковка.', 'Открытый бассейн (работает круглый год), Терраса', 'Доставка еды и напитков в номер, Прокат автомобилей, Трансфер от/до аэропорта (платный), Круглосуточная стойка регистрации, Обмен валюты, Экскурсионное бюро, Камера хранения багажа, Банкомат на территории отеля, Услуги консьержа, Прачечная, Химчистка, Услуги по глажению одежды, Чистка обуви, Конференц-зал/Банкетный зал, Бизнес-центр, Факс/Ксерокопирование, Парикмахерская/Салон красоты, Сувенирный магазин, V.I.P. Услуги', 'Бесплатно! Wi-Fi предоставляется на территории всего отеля бесплатно.', 'Размещение домашних животных не допускается.', '15:00', '12:00', 'Al Rigga Street, Дейра,  Дубай'),
(10, 2, 'Best Western Amber Hotel', 1, 4, 'Этот отель особого класса расположен всего в нескольких минутах ходьбы от Голубой мечети и Гранд базара, в прекрасно отреставрированном здании в османском стиле. Отель находится в Кумкапи - одном из старейших районов Стамбула.Отель Best Western Amber впечатляет классическим интерьером и многочисленными услугами. Отель является идеальной отправной точкой для изучения крупнейшего города Турции. Начните день с роскошного завтрака, который подается в постель. Пока вы готовитесь к осмотру достопримечательностей, внимательные сотрудники отеля могут организовать экскурсии и упакованные ланчи.В ресторане с панорамным видом на Мраморное море можно насладиться блюдами традиционной турецкой и интернациональной кухни. Выпейте бокал вина в баре или расслабьтесь на террасе на крыше во время заката. К услугам гостей отеля Amber обслуживание номеров и оборудование для барбекю.Номера и люксы обставлены в классическом стиле с такими традиционными элементами, как персидские ковры. Проверьте вашу почту бесплатно в вашем номере. Все номера располагают мини-баром и кондиционером.', 'Барбекю , Сад, Терраса, Терраса для загара', 'Доставка еды и напитков в номер, Упакованные ланчи, Прокат автомобилей, Трансфер (за дополнительную плату), Круглосуточная стойка регистрации, Ускоренная регистрация заезда/отъезда, Обмен валюты, Экскурсионное бюро, Услуги по продаже билетов, Камера хранения багажа, Банкомат на территории отеля, Няня/Услуги по уходу за детьми, Прачечная, Химчистка, Услуги по глажению одежды, Чистка обуви, Конференц-зал/Банкетный зал, Факс/Ксерокопирование, Сувенирный магазин, V.I.P. Услуги', 'Бесплатно! Wi-Fi предоставляется на территории всего отеля бесплатно.', 'Размещение домашних животных допускается по предварительному запросу. Данная услуга может быть платной.', '13:00', '11:00', 'Cifte Gelinler Cad. No:3 Kumkapi, Фатих, 34126 Стамбул'),
(11, 12, 'Best Western Plus Antel Hotel', 5, 4, 'По-домашнему уютный отель Best Western Plus Antel располагается в центре города Макати, в районе Антел-Лайфстайл-Сити. К услугам гостей люксы с бесплатным Wi-Fi, мини-кухней и просторной гостиной зоной. В отеле также имеется пейзажный бассейн и спа-салон.Уютные и элегантные люксы с деревянным полом тепло освещены и украшены произведениями искусства. В просторных люксах есть телевизоры с плоским экраном и кабельными каналами, DVD-плееры и микроволновые печи. Отдельные гостиная и обеденная зоны отлично подходят для отдыха с семьей и друзьями.Гости отеля Best Western Plus Antel могут заказать сеанс массажа в спа-салоне или позаниматься в тренажерном зале. Для проведения досуга также предусмотрены игровой зал и детская игровая площадка.Гости могут воспользоваться обслуживанием номеров или заказать блюда средиземноморской кухни в бистро-баре Azzurro.Гостям предоставляется бесплатный трансфер до торгового центра Glorietta, расположенного в 20 минутах езды. До музея Айяла можно добраться за 10 минут, а поездка до международного аэропорта Ниной-Акино займет 1 час.', 'Открытый плавательный бассейн', 'Доставка еды и напитков в номер, Прокат автомобилей, Трансфер (за дополнительную плату), Круглосуточная стойка регистрации, Камера хранения багажа, Банкомат на территории отеля, Услуги консьержа, Прачечная, Химчистка, Конференц-зал/Банкетный зал, Бизнес-центр, Факс/Ксерокопирование', 'Бесплатно! Wi-Fi предоставляется в номерах отеля бесплатно.', 'Размещение домашних животных не допускается.', '14:00', '12:00', '7829 Makati Avenue, 1200 Манила'),
(12, 2, 'Carlton Hotel', 5, 5, 'Четырехзвездочный отель Carlton расположен в 500 метрах от рынка Гранд Базар. К услугам гостей омолаживающие массажные процедуры и сауна. Номера оснащены телевизором с плоским экраном, бесплатным Wi-Fi и гостиным уголком.Все звукоизолированные номера оборудованы кондиционером и рабочим столом. Кроме того, в каждом номере есть мини-бар и удобства для приготовления чая и кофе.Гости могут позаниматься спортом в хорошо оборудованном фитнес-центре, а после расслабиться в турецкой бане. Стойка приема и регистрации отеля Carlton работает круглосуточно. Предоставляется прокат автомобилей.В ресторане отеля Carlton ежедневно сервируется богатый завтрак "шведский стол". На обед и ужин вам предложат блюда турецкой и европейской кухни.Отель Carlton находится в 1 км от Голубой мечети, собора Святой Софии и дворца Топкапы. До международного аэропорта им. Ататюрка 20 минут езды.', '', 'Доставка еды и напитков в номер, Упакованные ланчи, Трансфер от/до аэропорта, Прокат автомобилей, Трансфер (за дополнительную плату), Круглосуточная стойка регистрации, Ускоренная регистрация заезда/отъезда, Обмен валюты, Экскурсионное бюро, Камера хранения багажа, Химчистка, Услуги по глажению одежды, Чистка обуви, Дневная уборка номера, Факс/Ксерокопирование, Сувенирный магазин, Люкс для новобрачных', 'Бесплатно! Wi-Fi предоставляется на территории всего отеля бесплатно.', 'Размещение домашних животных не допускается.', '14:00', '12:00', 'Fevziye Sk. No:22 Sehzadebas?/Fatih, Фатих, 34470 Стамбул'),
(13, 6, 'Century Hotel & Apartments', 2, 4, 'Отель и апартаменты Century расположены в центре города Абу-Даби. Комплекс располагает просторными апартаментами с кондиционером и кухней. Торговый центр Абу-Даби находится всего в 5-ти минутах ходьбы от отеля.Все номера отеля Century декорированы коврами и обставлены современной мебелью. Они оснащены телевизором и рабочим столом. Кухня оборудована холодильником и духовкой.Стойка регистрации отеля Century работает круглосуточно. На ней можно заказать услуги химчистки и гладильные услуги. Персонал экскурсионного бюро предоставляет информацию о местных достопримечательностях.Отель Century расположен в 28 км от международного аэропорта Абу-Даби. Выставочный центр Абу-Даби находится всего в 15-ти минутах езды на автомобиле.', 'Терраса', 'Прокат автомобилей, Круглосуточная стойка регистрации, Ускоренная регистрация заезда/отъезда, Экскурсионное бюро, Услуги по продаже билетов, Няня/Услуги по уходу за детьми, Прачечная, Химчистка, Услуги по глажению одежды, Факс/Ксерокопирование', 'Wi-Fi предоставляется в общественных зонах по цене  AED  10  в час.', 'Размещение домашних животных не допускается.', '13:00', '10:00', 'Al Salam Street,  Абу-Даби'),
(14, 2, 'Crowne Plaza Istanbul Asia', 4, 3, 'В отеле Crowne Plaza имеется крытый бассейн, оздоровительный центр с сеансами ароматерапии и фитнес-центр. Отель находится рядом с торговым центром Port Outlet. Гостям предлагаются номера Делюкс с бесплатным Wi-Fi.В каждом номере отеля Crowne Plaza Istanbul Asia имеется роскошное постельное белье и ковровое покрытие. Кроме того, во всех номерах есть телевизор с плоским экраном, письменный стол с эргономичным стулом и велюровые кресла в гостиной.В шикарном баре-ресторане Belvedere можно заказать блюда интернациональной кухни и региональные деликатесы, включая тушеного ягненка. В лобби-лаундже отеля подают турецкий чай, различные сорта кофе и сладости.Гости отеля Crowne Plaza Istanbul Asia могут освежиться в крытом бассейне или расслабиться в гидромассажной ванне. Также есть бильярд и дартс.Отель Crowne Plaza Istanbul находится в 3 км от международного аэропорта Сабиха-Гекчен. Автодром Формулы 1 расположен в 5 км от отеля.', 'Открытый бассейн (работает по сезонам)', 'Доставка еды и напитков в номер, Упакованные ланчи, Прокат автомобилей, Трансфер (за дополнительную плату), Трансфер от/до аэропорта (бесплатный), Круглосуточная стойка регистрации, Ускоренная регистрация заезда/отъезда, Обмен валюты, Услуги по продаже билетов, Камера хранения багажа, Банкомат на территории отеля, Индивидуальная регистрация заезда/отъезда, Няня/Услуги по уходу за детьми, Прачечная, Химчистка, Услуги по глажению одежды, Чистка обуви, Конференц-зал/Банкетный зал, Бизнес-центр, Факс/Ксерокопирование, Парикмахерская/Салон красоты, Сувенирный магазин, V.I.P. Услуги, Люкс для новобрачных', 'Бесплатно! Wi-Fi предоставляется на территории всего отеля бесплатно.', 'Размещение домашних животных не допускается.', '12:00', '11:00', 'Dede Pasa Cad. No:2 Pendik, 34912 Стамбул'),
(15, 2, 'CVK Hotels Taksim', 3, 1, 'Башни этого 4-звездочного отеля возвышаются над площадью Таксим в самом центре района Бейоглу. К услугам гостей номера с элегантным декором и индивидуальными чертами. Из средиземноморского ресторана отеля со стеклянными стенами открывается потрясающий вид на Босфор.В роскошном спа-салоне Ocean отеля CVK Taksim есть мраморный хаммам с традиционным пенным массажем, финская сауна и ультрасовременный тренажерный зал.Гости отеля CVK Taksim могут отведать завтрак "шведский стол" с оливками, рулетами и выпечкой. Обед и ужин по меню подают в элегантном зале или на панорамной террасе. В 3 барах можно заказать напитки. В витаминном баре ежедневно предлагают свежие фрукты.Современным штрихом номеров отеля CVK Taksim является бесплатный беспроводной доступ в Интернет и настенные интерактивные ЖК-телевизоры. В некоторых номерах есть балкон с обитыми бархатом креслами или туалетный столик в антикварном стиле.', '', 'Доставка еды и напитков в номер, Трансфер (за дополнительную плату), Трансфер от/до аэропорта (платный), Круглосуточная стойка регистрации, Обмен валюты, Экскурсионное бюро, Камера хранения багажа, Услуги консьержа, Няня/Услуги по уходу за детьми, Прачечная, Химчистка, Услуги по глажению одежды, Пресс для брюк, Конференц-зал/Банкетный зал, Бизнес-центр, Факс/Ксерокопирование, Парикмахерская/Салон красоты, Люкс для новобрачных', 'Бесплатно! Wi-Fi предоставляется на территории всего отеля бесплатно.', 'Размещение домашних животных не допускается.', '13:00', '11:00', 'Siraselviler Cad. No:11 Taksim Beyoglu, Бейоглу, 34437 Стамбул'),
(16, 13, 'Forest Pines Hotel & Golf Resort - QHotels', 5, 1, 'Этот роскошный загородный гольф-клуб расположен в лесу площадью 768 903 квадратных метра. Он расположен у развязки 4 автомагистрали M180 в Северном Линкольншире.Отель является одним из лучших отелей региона. К услугам гостей многочисленные удобствами, в том числе роскошные спальни с собственной ванной комнатой, 18-ти метровый плавательный бассейн и тренажерный зал. Есть спа-салон красоты, функциональные номера и поле для гольфа на 27 лунок, где проводят чемпионаты.Отель завершил значительное инвестирование 10 миллионов английских фунтов стерлинга и программу реконструкции. Он располагает номерами исключительно высокого стандарта. В превосходных ресторанах отеля предлагают высококачественные блюда и напитки.Отель Forest Pines удобно расположен неподалеку от сетей автомагистралей. От него можно легко добраться до аэропорта Хамберсайда. В отеле есть бесплатная охраняемая парковка. Предоставляется быстрая ранняя регистрация заезда и бесплатный Wi-Fi. Гости отеля могут бесплатно посещать оздоровительный и развлекательный клуб.', 'Сад, Терраса', 'Доставка еды и напитков в номер, Упакованные ланчи, Круглосуточная стойка регистрации, Ускоренная регистрация заезда/отъезда, Камера хранения багажа, Прачечная, Химчистка, Конференц-зал/Банкетный зал, Бизнес-центр, Факс/Ксерокопирование, Люкс для новобрачных', 'Бесплатно! Wi-Fi предоставляется на территории всего отеля бесплатно.', 'Размещение домашних животных допускается по предварительному запросу. Данная услуга может быть платной.', '14:00', '11:00', 'Ermine Street, Broughton, Brigg, Бригг, DN20 0AQ'),
(17, 14, 'Go Native Hyde Park Apartments', 2, 2, 'Эти удивительные элегантные апартаменты с интерьером в стили минимализма расположены рядом с Кенсингтонскими садами, всего в 2 минутах ходьбы от Гайд-парка в богатой части Паддингтона. Оксфорд-стрит находится всего в 15 минутах ходьбы от апартаментов, а до вокзала Паддингтон можно дойти всего за 5 минут.В апартаментах Go Native Hyde Park современная стильная мебель и освещение сочетаются с уникальными викторианскими элементами интерьера. Во всех апартаментах в распоряжении гостей док-станция для iPod, телевизор с плоским экраном и кабельными каналами, а также бесплатный Wi-Fi. В большинстве апартаментов также имеется светлая гостиная зона, где гости могут расслабиться на уютных диванах.К услугам гостей современные, полностью оборудованные кухни и мини-кухни, оснащенные бытовой техникой из нержавеющей стали, в том числе, духовкой и микроволновой печью для приготовления блюд, а также обеденная зона. Также гости могут воспользоваться посудомоечной машиной, стиральной машиной/сушилкой и холодильником.В окрестностях апартаментов расположено множество баров и ресторанов, а до станции метро Lancaster Gate можно дойти всего за 3 минуты. Бутики района Ноттинг-Хилл находятся всего в 15 минутах ходьбы от апартаментов.', '', 'Круглосуточная стойка регистрации', 'Бесплатно! Wi-Fi предоставляется на территории всего отеля бесплатно.', 'Размещение домашних животных не допускается.', '13:00', '10:00', '208 Sussex Gardens, Westminster, Вестминстер, Лондон, W2 3UA'),
(18, 15, 'Goldey Swiss Quality Hotel', 2, 3, 'Отель Goldey Swiss Quality с бесплатным Wi-Fi на всей территории отеля расположен в тихом месте на берегу реки Ааре в горнолыжном регионе Юнгфрау в 5 минутах ходьбы до центра Интерлакен--Веста и в 15 минутах ходьбы от Интерлакен-Иста.По утрам сервируют бесплатный завтрак, днем в лаундже или саду подают бесплатный бранч со свежезаваренным кофе, чаем и домашней выпечкой, а в ресторане с видом на реку предлагают отведать ужин их 3 блюд.Гости могут бесплатно взять напрокат велосипеды, бесплатно посещать крытый и открытый общественные бассейны рядом с отелем, а также заказать сеанс массажа.Гости, которые находятся в командировке, могут воспользоваться конференц-залами с естественным освещением.На территории отеля предусмотрена бесплатная парковка.', 'Сад, Терраса для загара', 'Упакованные ланчи, Торговый автомат (напитки), Торговый автомат (закуски), Обмен валюты, Услуги по продаже билетов, Камера хранения багажа, Услуги по глажению одежды, Бизнес-центр, Факс/Ксерокопирование', 'Бесплатно! Wi-Fi предоставляется на территории всего отеля бесплатно.', 'Размещение домашних животных допускается. Данная услуга может быть платной.', '15:00', '12:00', 'Obere Goldey 85, 3800 Интерлакен'),
(19, 2, 'Grand Hotel Gulsoy', 5, 1, 'Гранд-отель G?lsoy находится в центре Старого города Стамбула, в 10 минутах ходьбы от Гранд Базара и мечети Сулеймание. К услугам гостей крытый и открытый бассейны.Номера гранд-отеля G?lsoy оснащены телевизором с плоским экраном и спутниковыми каналами, а также мини-баром. В некоторых номерах имеется гостиная зона.В распоряжении гостей сауна, хаммам, массажный кабинет и солярий. Сотрудники круглосуточной стойки регистрации гранд-отеля помогут взять напрокат автомобиль и велосипед.В ресторане на территории гранд-отеля готовят блюда традиционной турецкой и интернациональной кухни. Также осуществляется круглосуточное обслуживание номеров.Парковка предоставляется бесплатно. Кроме того, для гостей организуют трансфер от/до аэропорта.', 'Открытый бассейн (работает по сезонам), Терраса', 'Доставка еды и напитков в номер, Упакованные ланчи, Прокат автомобилей, Трансфер (за дополнительную плату), Трансфер от/до аэропорта (платный), Круглосуточная стойка регистрации, Ускоренная регистрация заезда/отъезда, Обмен валюты, Экскурсионное бюро, Услуги по продаже билетов, Камера хранения багажа, Услуги консьержа, Индивидуальная регистрация заезда/отъезда, Няня/Услуги по уходу за детьми, Прачечная, Химчистка, Услуги по глажению одежды, Чистка обуви, Пресс для брюк, Конференц-зал/Банкетный зал, Факс/Ксерокопирование, Парикмахерская/Салон красоты, Сувенирный магазин, V.I.P. Услуги, Люкс для новобрачных', 'Бесплатно! Wi-Fi предоставляется на территории всего отеля бесплатно.', 'Размещение домашних животных не допускается.', '13:00', '12:00', 'Sehzadebasi Cad. No:17 Sehzadebasi, Фатих, 34140 Стамбул'),
(20, 5, 'Holiday Inn Bur Dubai - Embassy District', 5, 4, 'Отель Holiday Inn Bur Dubai находится в районе посольства и располагает современными номерами. К услугам гостей бассейн на крыше и круглосуточный ресторан. Предоставляется бесплатный трансфер до пляжа и центра Дейры.Просторные номера отеля Bur Dubai оснащены телевизором с плоским 32-дюймовым экраном и собственной ванной комнатой. Во всех номерах есть рабочий стол и утюг.Ресторан Anwar сервирует блюда интернациональной кухни. Гости могут заказать пиво в традиционном английском пабе Two Guineas.Торговый центр Burjuman Mall находится в нескольких минутах ходьбы. Дубайский международный аэропорт расположен в 15 минутах езды от отеля Holiday Inn Bur Dubai.', 'Открытый плавательный бассейн', 'Доставка еды и напитков в номер, Трансфер (бесплатно), Круглосуточная стойка регистрации, Обмен валюты, Экскурсионное бюро, Камера хранения багажа, Услуги консьержа, Прачечная, Химчистка, Услуги по глажению одежды, Конференц-зал/Банкетный зал, Бизнес-центр, Парикмахерская/Салон красоты, Сувенирный магазин', 'Wi-Fi предоставляется на территории всего отеля по цене  AED  20  в час.', 'Размещение домашних животных не допускается.', '15:00', '11:00', 'Al Hamriya Khaleed Bin Waleed Road2 , Бур-Дубай,  Дубай'),
(21, 16, 'Holiday Inn Salzburg City', 4, 2, 'Отель Holiday Inn Salzburg City находится всего в 10 минутах ходьбы от садов Мирабель и в 15 минутах ходьбы от Старого города. К услугам гостей современные и тихие номера с кондиционером.Светлые номера отеля Holiday Inn Salzburg City располагают окнами от пола до потолка, просторными ванными комнатами и высокоскоростным доступом в Интернет. Недавно в отеле прошел ремонт.Завтрак "шведский стол" подается с 06:30 до 10:00 по будням и до 11:00 по выходным. В баре круглосуточно представлен широкий выбор закусок и напитков.В непосредственной близости от отеля находятся 2 автобусные остановки. Торговая улица Linzergasse расположена всего в 7 минутах ходьбы.За дополнительную плату гости могут припарковаться в частном гараже отеля. Рядом с отелем Salzburg City Holiday Inn есть бесплатная общественная парковка. До автострады Зальцбург-Норд можно доехать всего за несколько минут.', 'Терраса', 'Доставка еды и напитков в номер, Прокат автомобилей, Круглосуточная стойка регистрации, Ускоренная регистрация заезда/отъезда, Экскурсионное бюро, Услуги по продаже билетов, Камера хранения багажа, Услуги консьержа, Прачечная, Химчистка, Чистка обуви, Конференц-зал/Банкетный зал, Бизнес-центр, Факс/Ксерокопирование', 'Wi-Fi предоставляется на территории всего отеля по цене  EUR  5,50  в сутки.', 'Размещение домашних животных допускается по предварительному запросу. Данная услуга может быть платной.', '13:00', '11:00', 'Sterneckstra?e 21, Шальмос, 5020 Зальцбург');
INSERT INTO `hotels` (`id`, `directions_id`, `title`, `stars`, `parking`, `about`, `outdoors`, `services`, `internet`, `animals`, `checkin`, `departure`, `address`) VALUES
(22, 4, 'Hotel Celik Palas Thermal Spa', 3, 1, 'Этот 5-звездочный отель расположен всего в 200 м от музея Ататюрка в Бурсе. К услугам гостей отеля стильные номера с бесплатным Wi-Fi и телевизором с плоским экраном, а также спа-центр и открытый бассейн.В отеле ?elik Palas Thermal Spa вас ждут номера с кондиционером, ковровым покрытием и элегантной мебелью из темного дерева. Во всех номерах есть мини-бар, рабочий стол и ванная комната. В некоторых номерах имеется отдельная гостиная.В спа-центре отеля ?elik Palas вам предложат разнообразные оздоровительные и косметические процедуры. Также вас ждет сауна, турецкая баня и фитнес-центр.В ресторане Panorama гости смогут заказать традиционные турецкие и европейские блюда. Бар Mart? предлагает легкие блюда, местные и импортные напитки, коктейли и потрясающие виды на Бурсу. Обслуживание номеров производится круглосуточно, без выходных.Расстояние от отеля ?elik Palas Thermal Spa до стадиона имени Ататюрка составляет 1,3 км, а до Великой мечети Бурсы - 2,5 км. На территории отеля имеется собственная бесплатная парковка.', 'Открытый плавательный бассейн , Сад, Терраса, Терраса для загара', 'Доставка еды и напитков в номер, Упакованные ланчи, Прокат автомобилей, Трансфер (за дополнительную плату), Трансфер от/до аэропорта (платный), Круглосуточная стойка регистрации, Ускоренная регистрация заезда/отъезда, Обмен валюты, Экскурсионное бюро, Услуги по продаже билетов, Камера хранения багажа, Банкомат на территории отеля, Услуги консьержа, Индивидуальная регистрация заезда/отъезда, Общий лаунж/гостиная с телевизором, Няня/Услуги по уходу за детьми, Прачечная, Химчистка, Услуги по глажению одежды, Чистка обуви, Пресс для брюк, Дневная уборка номера, Конференц-зал/Банкетный зал, Бизнес-центр, Факс/Ксерокопирование, Парикмахерская/Салон красоты, V.I.P. Услуги, Люкс для новобрачных', 'Бесплатно! Wi-Fi предоставляется на территории всего отеля бесплатно.', 'Размещение домашних животных не допускается.', '12:00', '11:00', '?ekirge Cad. No: 79, TR16070 Бурса'),
(23, 8, 'Hotel Fischerwirt Zell am See', 1, 4, 'Уютный семейный отель Fischerwirt находится в пешеходной зоне в центре городка Целль-ам-Зее, в 2 минутах от озера и в 5 минутах от канатной дороги Шмиттенхоэ. На всей территории отеля можно воспользоваться бесплатным Wi-Fi.К услугам гостей отеля лидо на пляже (бесплатно).По утрам в отеле сервируют завтрак "шведский стол" с богатым выбором блюд. В питание по системе "полупансион" включен ужин из нескольких блюд и салат-бар.В распоряжении гостей отеля Fischerwirts большой центр красоты и здоровья (за дополнительную плату) партнерского отеля Romantikhotel, расположенного на противоположной стороне улицы.В отеле Fischerwirt есть пункт проката велосипедов, а также гостям предоставляются скидки на плату за использование поля для игры в гольф на близлежащих гольф-полях (по запросу). Зимой вы сможете получить ски-пассы непосредственно на стойке регистрации. Гости также могут воспользоваться бесплатными ячейками для хранения лыжного снаряжения в лыжной зоне.Летом все цены включают туристическую карту Целль-ам-Зее (с 15 мая по 15 октября), дающую право на бесплатный проезд на различных канатных дорогах и подъемниках, бесплатное посещение музеев, бассейнов, Центра национального парка и многое другое. Эта карта предоставляется бесплатно для взрослых и детей в возрасте от 10 лет. Для детей младшего возраста карта предоставляется за дополнительную плату.Железнодорожный вокзал находится всего в 5 минутах ходьбы от отеля Fischerwirt.', 'Терраса для загара', 'Упакованные ланчи, Прокат автомобилей, Трансфер (за дополнительную плату), Трансфер от/до аэропорта (платный), Экскурсионное бюро, Услуги по продаже билетов, Камера хранения багажа, Прачечная, Химчистка, Услуги по глажению одежды, Факс/Ксерокопирование', 'Бесплатно! Wi-Fi предоставляется на территории всего отеля бесплатно.', 'Размещение домашних животных допускается по предварительному запросу. Данная услуга может быть платной.', '15:00', '10:00', 'Seegasse 5, 5700 Цель-ам-Зе'),
(24, 17, 'Hotel Solana del Ter', 3, 2, 'Отель Solana del Ter расположен на окраине города Риполь на севере Каталонии, недалеко от горнолыжного курорта Ла-Молина. Гостей порадует впечатляющий вид на горы.К услугам гостей большой сад с детской игровой площадкой. Кроме того, летом работает открытый бассейн. Для гостей обустроены корты для игры в теннис и мини-теннис, сауна и фитнес-центр.Окрестности отеля Solana del Ter идеально подходят для активного отдыха. Из города Риполь регулярно курсируют поезда до курорта Ла-Молина. Также неподалеку находится красивая долина Нурия.Комфортабельные номера отеля оснащены отоплением. Помимо этого, в номерах оборудован балкон с видом на загородную местность.В отеле работают экскурсионное бюро и прокат велосипедов. В зонах общественного пользования отеля предоставляется бесплатный Wi-Fi. Отель располагает баром и рестораном, где подаются свежеприготовленные блюда местной кухни.', 'Открытый бассейн (работает по сезонам), Сад', 'Экскурсионное бюро, Конференц-зал/Банкетный зал, Факс/Ксерокопирование', 'Бесплатно! Wi-Fi предоставляется в общественных зонах бесплатно.', 'Размещение домашних животных не допускается.', '13:00', '12:00', 'C-17, Km 92,5, 17500 Риполь'),
(25, 10, 'K21 - Egyptian Experience', 1, 4, 'Курортный отель K-21 Egyptian Experience находится в районе Набк города Шарм-эш-Шейх. К услугам гостей 5 открытых бассейнов, отдельная пляжная зона, а также апартаменты с собственной кухней и просторным балконом с видом на бассейн.Все светлые, индивидуально оформленные апартаменты располагают бесплатным Wi-Fi, гостиной с обеденной зоной, кухней с холодильником и плитой, а также стиральной машиной, сушилкой для белья и шкафом.Гости могут приготовить еду на собственной кухне или заказать свежеприготовленные блюда по меню. В непосредственной близости от отеля также имеются рестораны.Сотрудники экскурсионного бюро курортного отеля организуют для гостей такие мероприятия, как дайвинг, кайтсерфинг и сафари на верблюдах. По запросу владельцы отеля могут также устроить соревнования по картингу.При этом аэропорт Шарм-эш-Шейха находится в 7 км от отеля K-21 Egyptian Experience. По запросу предоставляется трансфер от/до аэропорта. Гости могут воспользоваться бесплатной общественной парковкой на прилегающей территории.', 'Открытый плавательный бассейн , Сад, Терраса для загара', 'Трансфер (за дополнительную плату), Трансфер от/до аэропорта (платный), Экскурсионное бюро, Конференц-зал/Банкетный зал', 'Бесплатно! Wi-Fi предоставляется на территории всего отеля бесплатно.Бесплатно! Проводной доступ в Интернет предоставляется на территории всего отеля бесплатно.', 'Размещение домашних животных не допускается.', '15:00', '11:00', 'Nabq,  Шарм-эль-Шейх'),
(26, 19, 'Kempinski Hotel Ajman', 2, 2, 'Потрясающий отель Kempinski Ajman находится прямо на берегу Персидского залива. К услугам гостей частный песчаный пляж и номера, оформленные в арабском стиле.Номера декорированы в светлых тонах и обставлены элегантной деревянной мебелью в ближневосточном стиле. Шикарные номера и люксы выходят на собственный меблированный балкон или террасу. Из окон открывается панорамный вид на Персидский залив и пышный ландшафтный сад.Персонал отеля может организовать для вас занятия различными водными видами спорта, включая сноркелинг, греблю на каноэ и виндсерфинг. Большой открытый бассейн отеля Kempinski Ajman окружен пальмами и шезлонгами. Помимо этого, вы можете расслабиться на сеансе массажа, на пляже или в одном из 2 спа-салонов.Возможна организация индивидуального трансфера от/до аэропорта на лимузине. Также предлагается прокат автомобилей.Объект размещения может оказать помощь в оформлении въездной визы в ОАЭ. Для получения более подробной информации об услуге смотрите раздел Важная информация.', 'Барбекю , Открытый бассейн (работает круглый год), Сад', 'Доставка еды и напитков в номер, Прокат автомобилей, Трансфер (бесплатно), Круглосуточная стойка регистрации, Обмен валюты, Услуги по продаже билетов, Камера хранения багажа, Банкомат на территории отеля, Услуги консьержа, Няня/Услуги по уходу за детьми, Прачечная, Химчистка, Услуги по глажению одежды, Чистка обуви, Конференц-зал/Банкетный зал, Бизнес-центр, Факс/Ксерокопирование, Парикмахерская/Салон красоты, Сувенирный магазин, Люкс для новобрачных', 'Проводной доступ в Интернет предоставляется в номерах отеля по цене  AED  30  в час.', 'Размещение домашних животных не допускается.', '14:00', '11:00', 'Sheikh Humaid Bin Rashid Al Nuaimi Street,  Аджман'),
(27, 6, 'LArabia Hotel Apartments', 3, 3, 'Этот отель находится в комплексе Mohammed Bin Zayed City. К услугам гостей номера для краткосрочного и долгосрочного размещения. От отеля - 13,4 километра до международного аэропорта Абу-Даби. Неподалеку расположен Национальный выставочный центр Абу-Даби.Отель L Arabia Apartments соединен с торговым центром Mazyad, где есть гипермаркет и закусочные. В ресторане Al Khaimah на территории отеля гости могут насладиться кальяном.В современных люксах имеется полностью оснащенная кухня и телевизор с плоским экраном. Комнатные растения и уютные диваны придают люксам домашний уют.Гости отеля L Arabia могут расслабиться в открытом бассейне и сауне. В тренажерном зале можно поддерживать себя в форме вдали от дома.В отеле L Arabia есть бесплатный беспроводной доступ в Интернет и современные помещения для проведения конференций.', 'Сад', 'Доставка еды и напитков в номер, Упакованные ланчи, Трансфер от/до аэропорта, Прокат автомобилей, Трансфер (бесплатно), Круглосуточная стойка регистрации, Обмен валюты, Экскурсионное бюро, Услуги по продаже билетов, Камера хранения багажа, Банкомат на территории отеля, Услуги консьержа, Индивидуальная регистрация заезда/отъезда, Няня/Услуги по уходу за детьми, Прачечная, Химчистка, Услуги по глажению одежды, Чистка обуви, Конференц-зал/Банкетный зал, Бизнес-центр, Факс/Ксерокопирование, Парикмахерская/Салон красоты, Сувенирный магазин, V.I.P. Услуги, Люкс для новобрачных', 'Бесплатно! Wi-Fi предоставляется на территории всего отеля бесплатно.', 'Размещение домашних животных не допускается.', '15:00', '11:00', 'Mohammed Bin Zayed,  Абу-Даби'),
(28, 20, 'Le Meridien Jeddah', 3, 3, 'Отель Le Meridien Jeddah находится в центре города, в 10 минутах езды от курортной зоны Джидда Корниш. В отеле есть открытый бассейн и номера с кондиционерами и бесплатным проводным доступом в Интернет.Просторные номера отеля Jeddah Le Meridien меблированы в элегантном стиле и располагают большими окнами от пола до потолка.Все номера оснащены спутниковым телевидением и мини-баром. К услугам гостей собственные ванные комнаты с роскошными удобствами, халатом и тапочками.В ресторане Texan подают блюда мексиканской кухни. В ресторане La Brasserie можно попробовать блюда ближневосточной кухни, а в ресторане Tagine - марокканские блюда из свежих продуктов.Гости отеля Le Meridien могут посетить сауну или фитнес-центр, оснащенный тренажерами со свободными весами. Сотрудники экскурсионного бюро отеля помогут организовать аренду автомобиля и предоставят информацию о местных достопримечательностях и торговых центрах.Международный аэропорт Джидды находится в 20 минутах езды от отеля Le Meridien Jeddah. Стойка регистрации работает круглосуточно. На территории отеля имеется бесплатная парковка.', 'Открытый плавательный бассейн', 'Доставка еды и напитков в номер, Трансфер от/до аэропорта, Прокат автомобилей, Круглосуточная стойка регистрации, Ускоренная регистрация заезда/отъезда, Обмен валюты, Экскурсионное бюро, Услуги по продаже билетов, Камера хранения багажа, Прачечная, Химчистка, Услуги по глажению одежды, Чистка обуви, Бизнес-центр, Факс/Ксерокопирование, Парикмахерская/Салон красоты, Сувенирный магазин', 'Бесплатно! Wi-Fi предоставляется в общественных зонах бесплатно.', 'Размещение домашних животных не допускается.', '13:00', '11:00', 'Madina Road, Al Rawda,  Джедда'),
(29, 21, 'Le Meridien Medina', 4, 5, 'Отель Le Meridien Madina находится всего в 10 минутах езды от Аль-Харам в Медина Мунаваре. Номера и люксы отеля обставлены итальянской мебелью из мрамора. Гостям предоставляется бесплатный трансфер до Аль-Харам.Номера и люксы отеля Le Meridien Madina со вкусом оформлены и оснащены спутниковым телевидением и мраморными ванными комнатами с ванной и душем.В просторном лобби отеля можно отдохнуть и расслабиться. Также на территории отеля расположены парикмахерская и конференц-залы.Отель Le Meridien Madina находится в 7 км от мечети Пророка Мухаммада и торгового центра Sultana. За дополнительную плату можно воспользоваться трансферными услугами до международного аэропорта Медина.', 'Сад', 'Доставка еды и напитков в номер, Трансфер (за дополнительную плату), Трансфер от/до аэропорта (платный), Круглосуточная стойка регистрации, Ускоренная регистрация заезда/отъезда, Экскурсионное бюро, Услуги по продаже билетов, Камера хранения багажа, Услуги консьержа, Прачечная, Химчистка, Услуги по глажению одежды, Конференц-зал/Банкетный зал, Бизнес-центр, Парикмахерская/Салон красоты', 'Wi-Fi предоставляется на территории всего отеля по цене  SAR  100  в сутки.', 'Размещение домашних животных не допускается.', '13:00', '10:00', 'Khaled Bin El Waleed Road,  Медина'),
(30, 7, 'Majestic Grande Hotel', 3, 4, 'Роскошный отель Majestic Grande с видом на район Бангкока Сукхумвит сочетает тайскую элегантность с современным стилем. Он находится в районе Сукхумвит 2 и располагает бассейном на крыше с гидромассажем и 4 ресторанами.Отель Majestic Grande находится всего в 300 метрах от станций наземного метро Nana и Ploen Chit. Расстояние до аэропорта Суварнабхуми составляет 22 км.Номера отеля Grande Majestic обставлены светлой тиковой мебелью, а полы выложены полированным гранитом. В каждом номере можно посмотреть спутниковые каналы и воспользоваться DVD-плеером. К услугам гостей также мини-бар и персональный сейф.На террасе можно понежиться в солнечных лучах. Потренируйтесь в фитнес-центре или закажите сеанс массажа. В отеле также работает бизнес-центр и экскурсионное бюро.В кафе Dine @ 7 в течение всего дня подают блюда интернациональной кухни. Напитки можно заказать в баре у бассейна или лобби-лаундже.', 'Открытый плавательный бассейн , Терраса для загара', 'Доставка еды и напитков в номер, Прокат автомобилей, Трансфер от/до аэропорта (платный), Круглосуточная стойка регистрации, Обмен валюты, Экскурсионное бюро, Услуги по продаже билетов, Камера хранения багажа, Услуги консьержа, Няня/Услуги по уходу за детьми, Прачечная, Химчистка, Чистка обуви, Конференц-зал/Банкетный зал, Бизнес-центр', 'Бесплатно! Wi-Fi предоставляется в номерах отеля бесплатно.', 'Размещение домашних животных не допускается.', '13:00', '12:00', '12 Sukhumvit Soi 2, Кхлонгтей, 10110 Бангкок'),
(31, 5, 'Moevenpick Hotel Deira', 2, 5, 'К услугам гостей 5-звездочного отеля M?venpick Deira элегантно оформленные номера, бассейн на крыше с видом на Дубай и собственный чайный салон. Также предлагается бесплатная частная парковка. Международный аэропорт Дубая находится в 10 минутах езды.В оформлении современных номеров отеля M?venpick Deira использованы природные цвета. Производится обслуживание номеров, включая доставку завтрака.Ресторан Jigsaw принимает гостей в течение всего дня. Также здесь подают ежедневный завтрак "шведский стол". В отеле M?venpick Deira работает магазин для гурманов, где можно приобрести легкие закуски и выпечку.В отеле M?venpick гости могут посещать современный тренажерный зал и бассейн на крыше, работающий круглый год.Отель расположен в Дубае, в оживленном районе Дейра. Сотрудники круглосуточной стойки регистрации отеля M?venpick Deira помогут организовать трансфер до международного аэропорта Дубая, до которого менее 5 км.Также предоставляется бесплатный трансфер до пляжного клуба Oceana на острове Пальма Джумейра, где гости смогут воспользоваться всеми услугами клуба и отдохнуть на частном пляже.Кроме того, к услугам гостей бесплатный трансфер до центра распродаж Dubai Outlet Mall и торговых центров Al Ghurair, Mirdiff City Centre и Deira City Center.', 'Открытый бассейн (работает круглый год), Терраса, Терраса для загара', 'Доставка еды и напитков в номер, Прокат автомобилей, Трансфер (бесплатно), Трансфер (за дополнительную плату), Трансфер от/до аэропорта (платный), Круглосуточная стойка регистрации, Ускоренная регистрация заезда/отъезда, Обмен валюты, Камера хранения багажа, Банкомат на территории отеля, Услуги консьержа, Няня/Услуги по уходу за детьми, Прачечная, Химчистка, Услуги по глажению одежды, Чистка обуви, Пресс для брюк, Конференц-зал/Банкетный зал, Бизнес-центр, Факс/Ксерокопирование, Сувенирный магазин, V.I.P. Услуги', 'Бесплатно! Wi-Fi предоставляется на территории всего отеля бесплатно.Wi-Fi предоставляется в номерах отеля по цене  AED  29  в час.Wi-Fi предоставляется в номерах отеля по цене  AED  99  в сутки.', 'Размещение домашних животных не допускается.', '12:00', '10:00', 'Corner Abu Baker Al Siddique And Sallahuddin Road, Дейра,  Дубай'),
(32, 22, 'N’vY Manotel', 1, 3, 'Полностью отремонтированный в 2012 году отель N vY Manotel находится всего в 300 метрах от берега Женевского озера и в 15 минутах ходьбы от центра города и здания ООН. Стильные номера располагают телевизором с плоским экраном и высокой четкостью изображения, стереосистемой, мультимедийным разъемом, освещением Ambilight, а также бесплатным проводным и беспроводным доступом в Интернет.В кафе Tag s можно заказать блюда на вынос или отведать их в помещении, оформленном в непринужденном нью-йоркском стиле. Гости могут пользоваться планшетными компьютерами. Эксклюзивный дизайн, создающий городскую нонконформистскую атмосферу, был разработан известным граффитчиком, известным под ником Meres One.В баре N vY можно заказать различные изысканные коктейли и отведать оригинальные блюда кухни фьюжн под музыку местного диджея.Ресторан Trilby находится на небольшом возвышении в мезонине. Здесь подают блюда из мяса крупного рогатого скота различных пород - симментальской, Абердин-ангус, мраморной говядины и говядины Кобе.', '', 'Доставка еды и напитков в номер, Круглосуточная стойка регистрации, Ускоренная регистрация заезда/отъезда, Обмен валюты, Камера хранения багажа, Прачечная, Химчистка, Услуги по глажению одежды, Чистка обуви, Конференц-зал/Банкетный зал, Бизнес-центр, Факс/Ксерокопирование, V.I.P. Услуги', 'Бесплатно! Wi-Fi предоставляется на территории всего отеля бесплатно.Бесплатно! Проводной доступ в Интернет предоставляется в номерах отеля бесплатно.', 'Размещение домашних животных допускается. Данная услуга может быть платной.', '14:00', '10:00', '18, rue Richemont, Paquis, 1202 Женева'),
(33, 23, 'Nigahotel', 3, 2, 'Отель Nigahotel расположен в тихом районе города Аццано-Мелла в загородной местности Ломбардии, рядом с государственной автомагистралью, ведущей в Куйнцано-д Ольо. Гостей порадует отличное транспортное сообщение по всему региону Брешиа. Также гостям предлагается бесплатная парковка.Просторные номера отеля Nigahotel оснащены принадлежностями для чая/кофе и ЖК-телевизором с международными каналами с разовой платой за просмотр. Помимо этого, гости могут бесплатно пользоваться Wi-Fi.В отеле Nigahotel сервируется завтрак «шведский стол», а в ресторане на обед и ужин подаются блюда итальянской кухни и местные деликатесы.В отеле организован бесплатный трансфер от/до железнодорожного вокзала. Трансфер (микроавтобус/лимузин) предоставляется по запросу и за дополнительную плату.', 'Сад', 'Доставка еды и напитков в номер, Упакованные ланчи, Прокат автомобилей, Трансфер (бесплатно), Трансфер от/до аэропорта (платный), Ускоренная регистрация заезда/отъезда, Камера хранения багажа, Услуги консьержа, Няня/Услуги по уходу за детьми, Прачечная, Химчистка, Услуги по глажению одежды, Чистка обуви, Дневная уборка номера, Бизнес-центр, Факс/Ксерокопирование', 'Бесплатно! Wi-Fi предоставляется на территории всего отеля бесплатно.', 'Размещение домашних животных допускается по предварительному запросу. Данная услуга может быть платной.', '12:00', '10:00', 'Via Milano 1, 25020 Azzano Mella'),
(34, 2, 'Odda Hotel', 4, 2, 'Этот роскошный дизайн-отель находится всего в 50 метрах от оживленной улицы Истикляль в центре Стамбула. Отель Odda располагает звукоизолированными номерами с современной мебелью и бесплатным Wi-Fi.В стильных номерах отеля Odda постелен паркетный пол. К услугам гостей роскошные постельные принадлежности. Во всех номерах есть кондиционер, мини-бар и ЖК-телевизор со спутниковыми каналами.Утром гости могут почитать газету и отведать завтрак "шведский стол" с чаем и свежими фруктами. Несколько ресторанов интернациональной кухни находятся всего в 5 минутах ходьбы от отеля.Стойка регистрации работает круглосуточно. Внимательные сотрудники экскурсионного бюро помогут с арендой автомобиля и выбором мест для посещения. В отеле предоставляют услуги прачечной и гладильной.Отель Odda находится всего в 600 метрах от площади Таксим и станции метро Taksim. До выставочного конференц-центра Стамбула - 2 км, а до конгресс-центра Halic - 3,5 км.', '', 'Доставка еды и напитков в номер, Трансфер от/до аэропорта, Прокат автомобилей, Трансфер (за дополнительную плату), Круглосуточная стойка регистрации, Обмен валюты, Экскурсионное бюро, Услуги по продаже билетов, Камера хранения багажа, Услуги консьержа, Няня/Услуги по уходу за детьми, Прачечная, Химчистка, Услуги по глажению одежды, Чистка обуви, Факс/Ксерокопирование, Люкс для новобрачных', 'Бесплатно! Wi-Fi предоставляется на территории всего отеля бесплатно.', 'Бесплатно! Размещение домашних животных допускается. Дополнительная плата не взимается.', '12:00', '10:00', 'Balo Sok. No:30 Beyo?lu / Taksim, Бейоглу, 34435 Стамбул'),
(35, 2, 'Park Royal Hotel', 5, 4, 'Отель Park Royal предлагает современные номера в 50 метрах от оживленной площади Таксим и торговой улицы Истиклал. Отель предлагает круглосуточное обслуживание номеров и бесплатный Wi-Fi.Звукоизолированные номера отеля Park Royal располагают паркетными полами и мраморными ванными комнатами с душем. В каждом номере есть кондиционер и телевизор с плоским экраном и спутниковыми каналами.Гости могут насладиться разнообразным выбором блюд турецкой кухни и некоторыми классическими блюдами международной кухни в ресторане отеля. Неподалеку от отеля находится множество кафе и ресторанов. Близлежащие продуктовые киоски открыты круглосуточно.Станция метро Taskim Square находится в 300 метрах от отеля Park Royal. От этой станции можно добраться до исторического квартала Стамбула, Султанахмет. Живописный паромный причал на Босфоре в Кабаташе расположен в 6 минутах езды от отеля.', '', 'Доставка еды и напитков в номер, Прокат автомобилей, Трансфер (за дополнительную плату), Круглосуточная стойка регистрации, Ускоренная регистрация заезда/отъезда, Обмен валюты, Экскурсионное бюро, Услуги по продаже билетов, Камера хранения багажа, Услуги консьержа, Няня/Услуги по уходу за детьми, Прачечная, Химчистка, Услуги по глажению одежды, Факс/Ксерокопирование', 'Бесплатно! Wi-Fi предоставляется на территории всего отеля бесплатно.', 'Размещение домашних животных не допускается.', '14:00', '10:00', 'Lamartin Cd No 21 Taksim, Бейоглу, 34437 Стамбул'),
(36, 7, 'Phachara Suites Sukhumvit', 1, 3, 'Отель расположен на популярной улице Сукхумвит и предлагает размещение с полностью оборудованной кухней. Отель находится приблизительно в 100 м от станции Nana Skytrain и располагает кафе и открытым бассейном.Отель Phachara Suites Sukhumvit находится менее чем в 2 км от торговых центров Central World Plaza и Emporium Shopping Mall, а также рынка Пратунам. Аэропорт Суварнабхуми расположен примерно в 22 км.В отеле Phachara вас ждут просторные номера-студио и апартаменты с современным дизайном и деревянными полами. Они оборудованы плитами, стиральными машинами и фенами. К вашим услугам телевизор с плоским экраном и мультимедиа-система.Гости отеля Phachara Suites Sukhumvit смогут потренироваться в фитнес-центре или воспользоваться услугами экскурсионного бюро. Помимо Wi-Fi, отель Phachara предлагает обслуживание в номерах. К услугам гостей бесплатная парковка.', 'Открытый плавательный бассейн', 'Доставка еды и напитков в номер, Круглосуточная стойка регистрации, Экскурсионное бюро, Услуги по продаже билетов, Камера хранения багажа, Няня/Услуги по уходу за детьми, Прачечная', 'Wi-Fi предоставляется на территории всего отеля по цене  THB  350  в сутки.', 'Размещение домашних животных допускается по предварительному запросу. Данная услуга может быть платной.', '14:00', '10:00', '22 Sukhumvit Soi 6, Klongtoey, Кхлонгтей, 10110 Бангкок'),
(37, 5, 'Phoenix Hotel', 3, 2, 'Отель Phoenix находится в центре оживленной площади Наср в Дубае, в 20 минутах езды от аэропорта Дубая. Ресторан работает в течение всего дня. К услугам гостей спа-центр и бесплатный Wi-Fi на всей территории отеля.Все номера отеля Phoenix оформлены в современном и элегантном стиле. В номерах есть телевизор с плоским экраном, мини-бар и шкаф. Некоторые люксы располагают гостиной. В ванной комнате к вашим услугам душ, бесплатные туалетно-косметические принадлежности и фен.В спа-салоне можно заказать омолаживающий массаж. На стойке регистрации предлагаются гладильные услуги и услуги прачечной. В отеле можно арендовать автомобиль.Отель Phoenix находится в 20 минутах езды от старейшего торгового центра Дубая Al Ghurair и исторического базара специй.', 'Терраса', 'Доставка еды и напитков в номер, Прокат автомобилей, Круглосуточная стойка регистрации, Ускоренная регистрация заезда/отъезда, Обмен валюты, Экскурсионное бюро, Камера хранения багажа, Услуги консьержа, Прачечная, Химчистка, Услуги по глажению одежды, Чистка обуви, Пресс для брюк, Факс/Ксерокопирование, Парикмахерская/Салон красоты, Сувенирный магазин', 'Бесплатно! Wi-Fi предоставляется на территории всего отеля бесплатно.', 'Размещение домашних животных не допускается.', '12:00', '10:00', 'St.28, Community 118.Nakheel Area.Deira , Дейра,  Дубай'),
(38, 24, 'Premiere Classe Rodez', 4, 2, 'Отель Premiere Classe расположен в Родезе, всего в нескольких минутах езды от центра города. До отеля легко добраться с автомагистрали N98. Гостям предоставляются номера с кондиционером и бесплатным беспроводным доступом в Интернет.Каждый номер в отеле Premiere Classe Rodez оснащен собственной ванной комнатой и кабельным телевидением. Некоторые номера предусмотрены для гостей на инвалидных креслах.Каждый день подают завтрак "шведский стол". В отеле Rodez Premiere Classe установлены автоматы по продаже напитков и закусок, а также предоставляются ежедневные бесплатные газеты.Бесплатная частная парковка находится на территории отеля. Гости отеля Premiere Classe Rodez смогут приятно осмотреть регион Аверон.', '', 'Торговый автомат (напитки), Торговый автомат (закуски), Круглосуточная стойка регистрации, Факс/Ксерокопирование', 'Бесплатно! Wi-Fi предоставляется на территории всего отеля бесплатно.', 'Размещение домашних животных допускается. Данная услуга может быть платной.', '13:00', '11:00', 'Rue Du Prat Mouly - Rond Point Saint-F?lix, 12000 Роде'),
(39, 25, 'Riad Des Plages', 5, 2, 'Отель Riad Des Plages расположен на побережье между Касабланкой и Рабатом. Отель предлагает гостям прямой доступ к океану. К услугам гостей открытый бассейн с гидромассажем.Номера оформлены в индивидуальном стиле и оборудованы ванными комнатами. В некоторых номерах есть террасы с видом на сад и бассейн.В ресторане отеля Riad подают аутентичные блюда марокканской кухни, также ежедневно гости могут отведать блюда из свежепойманной рыбы.', 'Барбекю , Открытый плавательный бассейн , Сад, Терраса', 'Доставка еды и напитков в номер, Упакованные ланчи, Трансфер от/до аэропорта, Прокат автомобилей, Экскурсионное бюро, Няня/Услуги по уходу за детьми, Прачечная, Услуги по глажению одежды, Конференц-зал/Банкетный зал, Факс/Ксерокопирование', 'Бесплатно! Wi-Fi предоставляется на территории всего отеля бесплатно.', 'Бесплатно! Размещение домашних животных допускается. Дополнительная плата не взимается.', '12:00', '12:00', 'Plage Essanaoubar Nord N');
INSERT INTO `hotels` (`id`, `directions_id`, `title`, `stars`, `parking`, `about`, `outdoors`, `services`, `internet`, `animals`, `checkin`, `departure`, `address`) VALUES
(40, 26, 'Royal Garden Hotel', 5, 4, 'Отель Royal Garden находится в центре Бейрута, в 800 метрах от Американского Университета. Здесь можно остановиться в современных номерах, оборудованных ЖК-телевизором. К вашим услугам круглосуточное обслуживание номеров.Все номера отеля Royal Garden оснащены собственным балконом. Можно посмотреть программы кабельного и спутникового телевидения. Кроме того, в каждом номере есть ванная комната и холодильник.В просторном и элегантном ресторане отеля подают блюда ливанской и интернациональной кухни. От отеля за несколько минут можно дойти до центральных баров и клубов Бейрута.Гости могут отдохнуть на солнечной террасе отеля Royal Garden или проехать до ближайшего пляжа. Расстояние до него составляет 2 км. Отель находится в 8 км от аэропорта Бейрута. Поблизости имеется бесплатная парковка.', 'Барбекю , Открытый бассейн (работает по сезонам), Терраса, Терраса для загара', 'Доставка еды и напитков в номер, Трансфер от/до аэропорта, Прокат автомобилей, Круглосуточная стойка регистрации, Ускоренная регистрация заезда/отъезда, Обмен валюты, Экскурсионное бюро, Услуги по продаже билетов, Камера хранения багажа, Банкомат на территории отеля, Услуги консьержа, Няня/Услуги по уходу за детьми, Прачечная, Химчистка, Услуги по глажению одежды, Пресс для брюк, Конференц-зал/Банкетный зал, Бизнес-центр, Факс/Ксерокопирование, Люкс для новобрачных', 'Бесплатно! Wi-Fi предоставляется на территории всего отеля бесплатно.', 'Размещение домашних животных не допускается.', '15:00', '12:00', 'Hamra, 1103 Бейрут'),
(41, 5, 'Seven Sands Hotel Apartment', 5, 4, 'В отеле Seven Sands к вашим услугам бассейн на крыше и тренажерный зал с естественным освещением. Отель находится в 400 метрах от торгового центра Mall of the Emirates и горнолыжного курорта Ски Дубай. Гостям предлагаются номера с собственной кухней на оживленной улице Шейх-Заид-Роуд.Отель Seven Sands декорирован в различных стилях и цветах, которые отражают тематику разных эмиратов страны. В номерах имеется отдельная гостиная и кухня с обеденной зоной.Ресторан Salaam Namaste по вечерам предлагает блюда индийской кухни. В дневное время он функционирует как кафе, и здесь можно заказать континентальный завтрак и обед. Также имеются и различные интернациональные блюда.Отель находится всего в 100 метрах от станции метро Sharaf DG и в 2 км от пляжа Джумейра. Дубайский район Медиа-Сити расположен в 5 минутах езды от апарт-отеля Seven Sands.', 'Открытый плавательный бассейн , Открытый бассейн (работает круглый год), Терраса', 'Доставка еды и напитков в номер, Прокат автомобилей, Трансфер (за дополнительную плату), Круглосуточная стойка регистрации, Ускоренная регистрация заезда/отъезда, Обмен валюты, Экскурсионное бюро, Услуги по продаже билетов, Камера хранения багажа, Услуги консьержа, Прачечная, Химчистка, Услуги по глажению одежды, Чистка обуви, Конференц-зал/Банкетный зал, Бизнес-центр, Факс/Ксерокопирование, Парикмахерская/Салон красоты, V.I.P. Услуги', 'Бесплатно! Wi-Fi предоставляется в общественных зонах бесплатно.Проводной доступ в Интернет предоставляется в номерах отеля за  дополнительную плату.', 'Размещение домашних животных не допускается.', '15:00', '10:00', 'Al Barsha, Аль-Барша,  Дубай'),
(42, 27, 'Shepheard Hotel', 3, 5, 'Этот 4-звездочный отель находится на берегу Нила, в каирском районе Гарден-сити. На территории отеля есть круглосуточное казино, фитнес-центр с видом на реку и несколько ресторанов.Во всех просторных номерах отеля Shepheard предусмотрен кондиционер, установлена деревянная мебель. В номерах имеется спутниковое телевидение и мини-бар. В некоторых номерах есть столовая зона и балкон с видом на Нил.На территории отеля Shepheard находится 6 различных ресторанов и баров. Настоящая азиатская кухня предлагается в ресторане Asia House, а в кафе подают изысканную выпечку. На открытой террасе можно покурить кальян.Отель предлагает услуги химчистки и прачечной. Сотрудники экскурсионного бюро помогут взять автомобиль напрокат и предоставят информацию о местных достопримечательностях.Отель Shepheard находится менее чем в 5 минутах ходьбы от Египетского музея и Оперного театра. Международный аэропорт Каира расположен в 27 км от отеля.', 'Терраса', 'Доставка еды и напитков в номер, Прокат автомобилей, Круглосуточная стойка регистрации, Обмен валюты, Экскурсионное бюро, Услуги по продаже билетов, Банкомат на территории отеля, Услуги консьержа, Прачечная, Химчистка, Услуги по глажению одежды, Чистка обуви, Конференц-зал/Банкетный зал, Бизнес-центр, Факс/Ксерокопирование, Сувенирный магазин, V.I.P. Услуги', 'Проводной доступ в Интернет предоставляется в бизнес-центре по цене  USD  9  в час.', 'Размещение домашних животных не допускается.', '15:00', '11:00', '5 Abdel Khalek Hamza St,  Каир'),
(43, 2, 'Sky Kamer Boutique Hotel', 5, 2, 'Этот бутик-отель расположен в центре исторического полуострова, всего в 2 минутах ходьбы от Гранд базара. К услугам гостей открытая терраса с видом на площадь Баязид. В отеле производится круглосуточное обслуживание номеров. В распоряжении гостей современные номера и турецкая баня с сауной.В номерах и люксах бутик-отеля Sky Kamer настелены паркетные полы. Номера оформлены в современном стиле с использованием элементов восточного декора. В номерах есть бесплатный Wi-Fi, кондиционер и принадлежности для чая/кофе.В ресторане Sky Kamer подают блюда турецкой и интернациональной кухни и большой выбор вегетарианских блюд. В шикарном баре с белым полом и белыми барными стульями можно выпить любимые напитки в ультрамодной обстановке.В спа-салоне и турецкой бане, оформленных в традиционном стиле, к вашим услугам уютная зона для релаксации и массажный кабинет. После сеанса гости могут заказать освежающий напиток и отдохнуть на террасе на крыше отеля, овеваемой легким бризом.Отель Sky Kamer находится в 10 минутах ходьбы от Голубой мечети, собора Святой Софии и дворца Топкапы. Расстояние до международного аэропорта имени Ататюрка составляет 18 км.', 'Барбекю , Терраса, Терраса для загара', 'Доставка еды и напитков в номер, Упакованные ланчи, Торговый автомат (напитки), Прокат автомобилей, Трансфер (за дополнительную плату), Трансфер от/до аэропорта (платный), Круглосуточная стойка регистрации, Ускоренная регистрация заезда/отъезда, Обмен валюты, Экскурсионное бюро, Услуги по продаже билетов, Камера хранения багажа, Прачечная, Химчистка, Услуги по глажению одежды, Конференц-зал/Банкетный зал, Бизнес-центр, Факс/Ксерокопирование, Сувенирный магазин, V.I.P. Услуги', 'Бесплатно! Wi-Fi предоставляется на территории всего отеля бесплатно.', 'Размещение домашних животных не допускается.', '14:00', '12:00', 'Mimarkemalettin Mah. Ordu Cad. No:31 Beyazid, Фатих, 34130 Стамбул'),
(44, 27, 'Sofitel Cairo El Gezirah', 5, 4, 'Роскошный 5-звездочный отель Sofitel Cairo El Gezirah располагает собственной набережной вдоль реки Нил. Отель находится в нескольких минутах ходьбы от Оперного театра, Каирской башни, Египетского музея и рынка Хан эль-Халили. К услугам гостей отеля открытый пейзажный бассейн.Во всех номерах отеля Sofitel El Gezirah есть кондиционер, мини-бар, спутниковое телевидение и бесплатный Wi-Fi. Из многих номеров открывается далеко идущий вид на Нил и город Каир.В отеле работает 7 ресторанов. Гости могут отведать фирменные блюда марокканской, египетской и международной кухни. К вашим услугам также 5 баров, включая модный бар Buddha и чайный лаундж с библиотекой.В отеле Sofitel Cairo El Gezirah можно посетить открытый пейзажный бассейн, хаммам, спа-салон и фитнес-центр. На территории отеля работает казино. На стойке консьержа вам помогут организовать турпоездку по интересующему маршруту.Отель Sofitel El Gezirah находится в 20 км от международного аэропорта. На территории отеля предоставляется парковка.', 'Открытый бассейн (работает круглый год), Сад, Терраса, Терраса для загара', 'Доставка еды и напитков в номер, Упакованные ланчи, Прокат автомобилей, Трансфер от/до аэропорта (платный), Круглосуточная стойка регистрации, Ускоренная регистрация заезда/отъезда, Обмен валюты, Экскурсионное бюро, Услуги по продаже билетов, Камера хранения багажа, Банкомат на территории отеля, Услуги консьержа, Индивидуальная регистрация заезда/отъезда, Няня/Услуги по уходу за детьми, Прачечная, Химчистка, Услуги по глажению одежды, Чистка обуви, Конференц-зал/Банкетный зал, Бизнес-центр, Факс/Ксерокопирование, Парикмахерская/Салон красоты, Сувенирный магазин, V.I.P. Услуги', 'Бесплатно! Wi-Fi предоставляется на территории всего отеля бесплатно.', 'Размещение домашних животных не допускается.', '13:00', '10:00', '3 El Thawra Council St Zamalek, 11518 Каир'),
(45, 15, 'Stella Swiss Quality Hotel', 1, 3, 'Отель Stella Swiss Quality, который находится в семейном управлении на протяжении 3 поколений, расположен всего в 3 минутах ходьбы от центра города Интерлакен. К услугам гостей крытый бассейн с подогревом, бесплатный Wi-Fi и бесплатная парковка на территории отеля.Каждый номер отличается размером и планировкой. В ресторане отеля Stella подают изысканные блюда швейцарской и интернациональной кухни.Отель Stella Swiss Quality, который расположен в самом сердце региона Юнгфрау, является идеальным местом для совершения походов и катания на лыжах.', 'Сад', 'Камера хранения багажа, Прачечная, Услуги по глажению одежды, Чистка обуви, Конференц-зал/Банкетный зал', 'Бесплатно! Wi-Fi предоставляется на территории всего отеля бесплатно.', 'Размещение домашних животных допускается. Данная услуга может быть платной.', '14:00', '12:00', 'General-Guisan-Strasse 2, 3800 Интерлакен'),
(46, 28, 'Swiss Inn Radamis ii Cruise - Luxor/Aswan - 04 nights each Monday & 3 nights each Friday', 1, 3, 'На этом 5-звездочном круизном корабле к услугам гостей открытый бассейн и каюты, оборудованные кондиционером и телевизором с плоским экраном. Круизный корабль путешествует по реке Нил между историческими городами Асуан и Луксор.Современные каюты на корабле Swiss Inn Radamis ii Cruise обставлены мебелью из темного дерева, кровати застелены белоснежным постельным бельем. В некоторых каютах устроена гостиная зона с диваном.Гости могут заказать омолаживающий массаж или отправиться на активную тренировку в фитнес-центр. На корабле Swiss Inn также работает круглосуточная стойка регистрации.В ресторане подают блюда региональной и интернациональной кухни в виде "шведского стола" или по меню. Холодные, освежающие напитки и легкие закуски можно заказать в баре.', 'Открытый бассейн (работает круглый год)', 'Доставка еды и напитков в номер, Трансфер (бесплатно), Круглосуточная стойка регистрации, Прачечная, Услуги по глажению одежды, Факс/Ксерокопирование, Сувенирный магазин', 'Точка беспроводного доступа в Интернет предоставляется на территории всего отеля по цене  USD  6  за 30 минут.', 'Размещение домашних животных не допускается.', '13:00', '11:00', 'Kornesh Al Nile, Marsa Al Boghdadi, East bank, 99999 Луксор'),
(47, 29, 'Swiss-Garden Hotel Kuala Lumpur', 2, 1, 'Отель Swiss-Garden Kuala Lumpur находится в 3 минутах ходьбы от районов Букит-Бинтанг и Золотой треугольник. В отеле к вашим услугам открытый бассейн, Wi-Fi и великолепный спа-салон.Гостям отеля Swiss-Garden Kuala Lumpur предоставляется бесплатный трансфер до торгового центра KLCC и Китайского квартала, до которых можно доехать менее чем за 10 минут. Поездка до международного аэропорта Куала-Лумпура занимает 1 час.В номерах есть кондиционер, мини-бар и чайник/кофеварка. В некоторых номерах имеются гладильные принадлежности. В распоряжении гостей отеля радиоприемники, а также сейфы для безопасного хранения ценностей.В спа-салоне Samsara можно заказать массаж и посетить сауну. Гостям отеля предлагаются услуги прачечной и обмена валюты. В туристическом бюро гости отеля могут заказать экскурсии.Блюда интернациональной кухни можно отведать в ресторанах Flavors, T@ste6 Brasserie и Green Treats Delicatessen. Напитки подают в баре у бассейна, а также в лаунджах The Blue Chip и e-lounge. Во всех ресторанах и барах есть бесплатный доступ в Интернет.', 'Открытый плавательный бассейн , Терраса', 'Доставка еды и напитков в номер, Упакованные ланчи, Прокат автомобилей, Трансфер (бесплатно), Круглосуточная стойка регистрации, Обмен валюты, Экскурсионное бюро, Камера хранения багажа, Услуги консьержа, Няня/Услуги по уходу за детьми, Прачечная, Химчистка, Услуги по глажению одежды, Конференц-зал/Банкетный зал, Бизнес-центр, Факс/Ксерокопирование, Сувенирный магазин', 'Wi-Fi предоставляется на территории всего отеля по цене  MYR  10  в сутки.Проводной доступ в Интернет предоставляется в номерах отеля по цене  MYR  10  в сутки.', 'Размещение домашних животных не допускается.', '14:00', '12:00', '117 Jalan Pudu, Букит Бинтанг, 55100 Куала-Лумпур'),
(48, 4, 'Tugcu Hotel Select', 2, 5, 'Этот 4-звездочный отель расположен в центре города Бурса и предлагает гостям номера с собственными открытыми балконами и ЖК-телевизорами. К услугам гостей бесплатный Wi-Fi и бесплатная подземная парковка. Отель находится в 500 метрах от станции метро Osmangazi.Отель Tugcu располагает просторными и светлыми номерами с кондиционерами. Также в номерах есть рабочий стол, современная ванная комната и удобства для приготовления чая/кофе.Ежедневный завтрак "шведский стол", состоящий из ряда сладких и соленых блюд, подается по утрам. На ужин подаются блюда турецкой и интернациональной кухни в ресторане отеля по меню. Помимо этого, гостям предлагается обслуживание номеров.Отель Tugcu находится в 2 км от стадиона Бурсы имени Ататюрка и в 30 км от Муданье.', '', 'Доставка еды и напитков в номер, Прокат автомобилей, Трансфер (за дополнительную плату), Круглосуточная стойка регистрации, Ускоренная регистрация заезда/отъезда, Обмен валюты, Экскурсионное бюро, Камера хранения багажа, Услуги консьержа, Химчистка, Чистка обуви, Конференц-зал/Банкетный зал, Бизнес-центр, Факс/Ксерокопирование', 'Бесплатно! Wi-Fi предоставляется на территории всего отеля бесплатно.', 'Размещение домашних животных не допускается.', '13:00', '12:00', 'Celal Bayar Cd. No:195 Osmangazi, 16220 Бурса'),
(49, 5, 'Tulip Hotel Apartments', 2, 2, 'Апарт-отель Tulip расположен всего в 600 метрах от торгового центра Bur Juman. К услугам гостей бассейн на крыше, апартаменты с собственной кухней и телевизором с плоским экраном, а также сауна, тренажерный зал и паровая баня.Все апартаменты оформлены в желтых тонах и оборудованы большими окнами. На кухне открытой планировки имеются полноразмерный холодильник, стиральная машина и столовая зона.В круглосуточном лобби-баре гости могут выпить чашечку арабского кофе и заказать легкие закуски. У бассейна установлены шезлонги, на которых можно позагарать. Кроме того, по запросу подают завтрак в номер.При этом отель Tulip находится в 500 метрах от станции метро Khalid Bin Al Waleed и в 1 км от музея Дубая. Сотрудники круглосуточной стойки регистрации организуют прокат автомобилей и туры по близлежащим достопримечательностям.', 'Открытый плавательный бассейн', 'Прокат автомобилей, Трансфер (за дополнительную плату), Трансфер от/до аэропорта (платный), Круглосуточная стойка регистрации, Ускоренная регистрация заезда/отъезда, Обмен валюты, Экскурсионное бюро, Камера хранения багажа, Прачечная, Химчистка, Услуги по глажению одежды, Факс/Ксерокопирование', 'Проводной доступ в Интернет предоставляется в номерах отеля по цене  AED  15  в час.Проводной доступ в Интернет предоставляется в номерах отеля по цене  AED  80  в сутки.', 'Размещение домашних животных не допускается.', '13:00', '11:00', '5a street 317 community, Бур-Дубай,  Дубай'),
(50, 30, 'Wellness & Spa Hotel Beatus', 3, 1, 'Отель, оздоровительный центр и спа-салон Beatus расположен на территории большого парка на берегу озера Тун в Мерлигене. К услугам гостей открытый бассейн с морской водой, а также крытый бассейн, бесплатная парковка и ресторан изысканной кухни.В некоторых номерах есть балкон с панорамным видом на озеро Тун и горы.В меню ресторана представлены легкие блюда швейцарской и интернациональной кухни, в том числе рыбные деликатесы. Кроме того, по запросу предлагается питание по системе "полупансион".Гости могут бесплатно посещать оздоровительный спа-центр. В вашем распоряжении сауна и солярий, также можно записаться на различные виды массажа.', 'Открытый плавательный бассейн , Сад, Терраса', 'Доставка еды и напитков в номер, Круглосуточная стойка регистрации, Прачечная, Химчистка, Услуги по глажению одежды, Чистка обуви, Конференц-зал/Банкетный зал, Парикмахерская/Салон красоты', 'Бесплатно! Wi-Fi предоставляется на территории всего отеля бесплатно.', 'Размещение домашних животных допускается. Данная услуга может быть платной.', '14:00', '11:00', 'Seestrasse 300, 3658 Мерлиген'),
(51, 31, 'Zorlu Grand Hotel', 4, 5, 'Этот 5-звездочный отель расположен в центре Трабзона и сочетает традиционную архитектуру с современным дизайном. В номерах отеля есть бесплатный Wi-Fi и спутниковое телевидение. Удобства включают оздоровительный центр с крытым бассейном.Номера отеля Zorlu Grand оформлены в теплых тонах и обставлены деревянной мебелью. Во всех номерах имеется мини-бар, удобства для приготовления чая и кофе и отдельная ванная комната. В некоторых номерах есть отдельная гостиная.Рыбный ресторан Fa?una сервирует свежие местные и международные блюда из морепродуктов. Гости могут отведать домашние торты, печенье и мороженое в кафе Zorlu Grand. Ресторан La Couronne D or предлагает изысканные блюда в элегантной обстановке.В оздоровительном клубе отеля Zorlu Grand можно насладиться расслабляющим массажем. В клубе также есть тренажерный зал, сауна и традиционный хамам.Всемирный торговый центр находится в 10 минутах езды от отеля Zorlu Grand. Аэропорт Трабзон расположен в 4 км.', '', 'Доставка еды и напитков в номер, Упакованные ланчи, Прокат автомобилей, Трансфер (за дополнительную плату), Трансфер от/до аэропорта (платный), Круглосуточная стойка регистрации, Ускоренная регистрация заезда/отъезда, Обмен валюты, Экскурсионное бюро, Услуги по продаже билетов, Камера хранения багажа, Банкомат на территории отеля, Прачечная, Химчистка, Услуги по глажению одежды, Пресс для брюк, Конференц-зал/Банкетный зал, Бизнес-центр, Факс/Ксерокопирование, Парикмахерская/Салон красоты, Люкс для новобрачных', 'Бесплатно! Wi-Fi предоставляется на территории всего отеля бесплатно.', 'Размещение домашних животных не допускается.', '13:00', '11:00', 'Maras Caddesi No:9, 61030 Трабзон');

-- --------------------------------------------------------

--
-- Структура таблицы `images`
--

CREATE TABLE IF NOT EXISTS `images` (
  `id` int(16) NOT NULL AUTO_INCREMENT,
  `hotel_id` int(11) NOT NULL,
  `image` varchar(255) NOT NULL,
  `position` int(11) NOT NULL,
  UNIQUE KEY `id` (`id`)
) ENGINE=MyISAM  DEFAULT CHARSET=utf8 AUTO_INCREMENT=485 ;

--
-- Дамп данных таблицы `images`
--

INSERT INTO `images` (`id`, `hotel_id`, `image`, `position`) VALUES
(245, 4, '11143742.jpg', 1),
(325, 20, '7040329.jpg', 1),
(324, 19, '11909480.jpg', 5),
(323, 19, '11909654.jpg', 4),
(322, 19, '11909343.jpg', 3),
(321, 19, '11909564.jpg', 2),
(320, 19, '12453811.jpg', 1),
(319, 18, '4510894.jpg', 5),
(318, 18, '17125363.jpg', 4),
(317, 18, '17125370.jpg', 3),
(316, 18, '4510899.jpg', 2),
(315, 18, '4884836.jpg', 1),
(314, 17, '11072557.jpg', 5),
(313, 17, '10639416.jpg', 4),
(312, 17, '10640207.jpg', 3),
(311, 17, '10638921.jpg', 2),
(310, 17, '10638752.jpg', 1),
(309, 16, '4746378.jpg', 5),
(308, 16, '4746176.jpg', 4),
(307, 16, '8415827.jpg', 3),
(306, 16, '4746366.jpg', 2),
(305, 16, '4746157.jpg', 1),
(304, 15, '3135740.jpg', 5),
(303, 15, '3317934.jpg', 4),
(302, 15, '3135759.jpg', 3),
(301, 15, '3273303.jpg', 2),
(300, 15, '3280121.jpg', 1),
(299, 14, '12559753.jpg', 5),
(298, 14, '12787425.jpg', 4),
(297, 14, '12559154.jpg', 3),
(296, 14, '12559916.jpg', 2),
(295, 14, '12558805.jpg', 1),
(294, 13, '16773240.jpg', 5),
(293, 13, '16773245.jpg', 4),
(292, 13, '16773246.jpg', 3),
(291, 13, '16773248.jpg', 2),
(290, 13, '16773228.jpg', 1),
(289, 12, '2063028.jpg', 5),
(288, 12, '6328956.jpg', 4),
(287, 12, '26507160.jpg', 3),
(286, 12, '2063041.jpg', 2),
(285, 12, '26506982.jpg', 1),
(284, 11, '11668952.jpg', 5),
(283, 11, '11669193.jpg', 4),
(282, 11, '11669708.jpg', 3),
(281, 11, '11669126.jpg', 2),
(280, 11, '11670034.jpg', 1),
(279, 10, '21667280.jpg', 5),
(278, 10, '21667289.jpg', 4),
(277, 10, '21657276.jpg', 3),
(276, 10, '21654871.jpg', 2),
(275, 10, '21653112.jpg', 1),
(274, 9, '22526568.jpg', 5),
(273, 9, '22526620.jpg', 4),
(272, 9, '22526598.jpg', 3),
(271, 9, '22526638.jpg', 2),
(270, 9, '22526623.jpg', 1),
(269, 8, '13242519.jpg', 5),
(268, 8, '13242548.jpg', 4),
(267, 8, '13242545.jpg', 3),
(266, 8, '13242521.jpg', 2),
(265, 8, '13242546.jpg', 1),
(264, 7, '8817239.jpg', 5),
(263, 7, '6791111.jpg', 4),
(262, 7, '8817222.jpg', 3),
(261, 7, '8817315.jpg', 2),
(260, 7, '5049183.jpg', 1),
(259, 6, '24323916.jpg', 5),
(258, 6, '16015083.jpg', 4),
(257, 6, '16003130.jpg', 3),
(256, 6, '16001917.jpg', 2),
(255, 6, '16000899.jpg', 1),
(254, 5, '27272164.jpg', 5),
(253, 5, '27272058.jpg', 4),
(252, 5, '27272078.jpg', 3),
(251, 5, '27272141.jpg', 2),
(250, 5, '27272090.jpg', 1),
(249, 4, '20260635.jpg', 5),
(248, 4, '20260772.jpg', 4),
(247, 4, '11144425.jpg', 3),
(246, 4, '11194657.jpg', 2),
(326, 20, '21559036.jpg', 2),
(327, 20, '21498031.jpg', 3),
(328, 20, '21498032.jpg', 4),
(329, 20, '21498977.jpg', 5),
(330, 21, '13186187.jpg', 1),
(331, 21, '13186001.jpg', 2),
(332, 21, '13185939.jpg', 3),
(333, 21, '13185971.jpg', 4),
(334, 21, '13186021.jpg', 5),
(335, 22, '2924562.jpg', 1),
(336, 22, '2924559.jpg', 2),
(337, 22, '2924558.jpg', 3),
(338, 22, '2924556.jpg', 4),
(339, 22, '2924552.jpg', 5),
(340, 23, '10396498.jpg', 1),
(341, 23, '14979704.jpg', 2),
(342, 23, '14979545.jpg', 3),
(343, 23, '14979560.jpg', 4),
(344, 23, '14979537.jpg', 5),
(345, 24, '2165793.jpg', 1),
(346, 24, '2165808.jpg', 2),
(347, 24, '2165811.jpg', 3),
(348, 24, '2173153.jpg', 4),
(349, 24, '2173154.jpg', 5),
(350, 25, '13117523.jpg', 1),
(351, 25, '13117310.jpg', 2),
(352, 25, '13117507.jpg', 3),
(353, 25, '13117289.jpg', 4),
(354, 25, '13117296.jpg', 5),
(355, 26, '26892329.jpg', 1),
(356, 26, '26893799.jpg', 2),
(357, 26, '26893926.jpg', 3),
(358, 26, '26894065.jpg', 4),
(359, 26, '26892796.jpg', 5),
(360, 27, '5982807.jpg', 1),
(361, 27, '5982811.jpg', 2),
(362, 27, '5982813.jpg', 3),
(363, 27, '2801634.jpg', 4),
(364, 27, '5982822.jpg', 5),
(365, 28, '14568752.jpg', 1),
(366, 28, '10057025.jpg', 2),
(367, 28, '14568739.jpg', 3),
(368, 28, '10057010.jpg', 4),
(369, 28, '14568745.jpg', 5),
(370, 29, '5645011.jpg', 1),
(371, 29, '5645207.jpg', 2),
(372, 29, '5644977.jpg', 3),
(373, 29, '19966157.jpg', 4),
(374, 29, '5644932.jpg', 5),
(375, 30, '13660971.jpg', 1),
(376, 30, '15785375.jpg', 2),
(377, 30, '13659574.jpg', 3),
(378, 30, '15785171.jpg', 4),
(379, 30, '15785452.jpg', 5),
(380, 31, '17598000.jpg', 1),
(381, 31, '17596537.jpg', 2),
(382, 31, '17596981.jpg', 3),
(383, 31, '17597763.jpg', 4),
(384, 31, '17596965.jpg', 5),
(385, 32, '13004053.jpg', 1),
(386, 32, '12646103.jpg', 2),
(387, 32, '11416051.jpg', 3),
(388, 32, '13003982.jpg', 4),
(389, 32, '12646101.jpg', 5),
(390, 33, '18545532.jpg', 1),
(391, 33, '16565415.jpg', 2),
(392, 33, '16565530.jpg', 3),
(393, 33, '16565417.jpg', 4),
(394, 33, '16564889.jpg', 5),
(395, 34, '25738500.jpg', 1),
(396, 34, '25748289.jpg', 2),
(397, 34, '25733578.jpg', 3),
(398, 34, '25796029.jpg', 4),
(399, 34, '25728035.jpg', 5),
(400, 35, '4516044.jpg', 1),
(401, 35, '3214908.jpg', 2),
(402, 35, '4516116.jpg', 3),
(403, 35, '4516202.jpg', 4),
(404, 35, '4516089.jpg', 5),
(405, 36, '14740652.jpg', 1),
(406, 36, '14741911.jpg', 2),
(407, 36, '14740241.jpg', 3),
(408, 36, '14740012.jpg', 4),
(409, 36, '14740411.jpg', 5),
(410, 37, '12186003.jpg', 1),
(411, 37, '12186005.jpg', 2),
(412, 37, '12186017.jpg', 3),
(413, 37, '12186014.jpg', 4),
(414, 37, '12141977.jpg', 5),
(415, 38, '11695761.jpg', 1),
(416, 38, '11695754.jpg', 2),
(417, 38, '12668872.jpg', 3),
(418, 38, '12668768.jpg', 4),
(419, 38, '12668727.jpg', 5),
(420, 39, '2277635.jpg', 1),
(421, 39, '2279168.jpg', 2),
(422, 39, '2279923.jpg', 3),
(423, 39, '2279928.jpg', 4),
(424, 39, '2279972.jpg', 5),
(425, 40, '3460166.jpg', 1),
(426, 40, '3460196.jpg', 2),
(427, 40, '3460180.jpg', 3),
(428, 40, '3460212.jpg', 4),
(429, 40, '3460213.jpg', 5),
(430, 41, '2437448.jpg', 1),
(431, 41, '2437452.jpg', 2),
(432, 41, '2437454.jpg', 3),
(433, 41, '2437456.jpg', 4),
(434, 41, '2437458.jpg', 5),
(435, 42, '19631960.jpg', 1),
(436, 42, '19632287.jpg', 2),
(437, 42, '19641233.jpg', 3),
(438, 42, '19632480.jpg', 4),
(439, 42, '19632390.jpg', 5),
(440, 43, '10642524.jpg', 1),
(441, 43, '6849663.jpg', 2),
(442, 43, '7634338.jpg', 3),
(443, 43, '10487598.jpg', 4),
(444, 43, '7600566.jpg', 5),
(445, 44, '16339984.jpg', 1),
(446, 44, '15612866.jpg', 2),
(447, 44, '15612703.jpg', 3),
(448, 44, '15612689.jpg', 4),
(449, 44, '15612784.jpg', 5),
(450, 45, '17178007.jpg', 1),
(451, 45, '17178036.jpg', 2),
(452, 45, '17178738.jpg', 3),
(453, 45, '17178716.jpg', 4),
(454, 45, '23907247.jpg', 5),
(455, 46, '4702395.jpg', 1),
(456, 46, '4704047.jpg', 2),
(457, 46, '11102966.jpg', 3),
(458, 46, '11102985.jpg', 4),
(459, 46, '4571703.jpg', 5),
(460, 47, '7454768.jpg', 1),
(461, 47, '19431002.jpg', 2),
(462, 47, '7303860.jpg', 3),
(463, 47, '7303926.jpg', 4),
(464, 47, '7303942.jpg', 5),
(465, 48, '9037072.jpg', 1),
(466, 48, '2240802.jpg', 2),
(467, 48, '4257695.jpg', 3),
(468, 48, '4256164.jpg', 4),
(469, 48, '2240139.jpg', 5),
(470, 49, '2033353.jpg', 1),
(471, 49, '2033355.jpg', 2),
(472, 49, '2033366.jpg', 3),
(473, 49, '2033368.jpg', 4),
(474, 49, '2033373.jpg', 5),
(475, 50, '8188276.jpg', 1),
(476, 50, '2830022.jpg', 2),
(477, 50, '2830018.jpg', 3),
(478, 50, '8188309.jpg', 4),
(479, 50, '8188268.jpg', 5),
(480, 51, '16940627.jpg', 1),
(481, 51, '16941679.jpg', 2),
(482, 51, '16941729.jpg', 3),
(483, 51, '16945456.jpg', 4),
(484, 51, '16945478.jpg', 5);

-- --------------------------------------------------------

--
-- Структура таблицы `mysql_errs`
--

CREATE TABLE IF NOT EXISTS `mysql_errs` (
  `id` int(16) NOT NULL AUTO_INCREMENT,
  `time` timestamp NOT NULL DEFAULT CURRENT_TIMESTAMP,
  `code` varchar(30) NOT NULL,
  `text` varchar(255) NOT NULL,
  `query` text NOT NULL,
  `ip` varchar(30) NOT NULL,
  `browser` varchar(255) NOT NULL,
  UNIQUE KEY `id` (`id`)
) ENGINE=MyISAM  DEFAULT CHARSET=utf8 AUTO_INCREMENT=7 ;

-- --------------------------------------------------------

--
-- Структура таблицы `orders`
--

CREATE TABLE IF NOT EXISTS `orders` (
  `id` int(16) NOT NULL AUTO_INCREMENT,
  `hotel_id` int(11) NOT NULL,
  `order_date` timestamp NOT NULL DEFAULT CURRENT_TIMESTAMP,
  `name` varchar(255) NOT NULL,
  `phone` varchar(255) NOT NULL,
  `checkin` varchar(255) NOT NULL,
  `departure` varchar(255) NOT NULL,
  `price` int(11) NOT NULL,
  UNIQUE KEY `id` (`id`)
) ENGINE=MyISAM  DEFAULT CHARSET=utf8 AUTO_INCREMENT=4 ;

--
-- Дамп данных таблицы `orders`
--

INSERT INTO `orders` (`id`, `hotel_id`, `order_date`, `name`, `phone`, `checkin`, `departure`, `price`) VALUES
(1, 2, '2016-05-08 07:44:26', 'Данилов Максим Владимирович', '+7-912-855-3737', '12.05.2016', '18.05.2016', 74860),
(2, 5, '2016-05-09 21:03:42', 'Максим', '(912) 855-37-37', '13.05.2016', '17.05.2016', 29945),
(3, 4, '2016-05-09 21:04:34', 'Максим', '89128553737', '13.05.2016', '17.05.2016', 27970);

-- --------------------------------------------------------

--
-- Структура таблицы `prices`
--

CREATE TABLE IF NOT EXISTS `prices` (
  `id` int(16) NOT NULL AUTO_INCREMENT,
  `hotel_id` int(11) NOT NULL,
  `ondate` varchar(255) NOT NULL,
  `price` decimal(7,2) NOT NULL,
  UNIQUE KEY `id` (`id`)
) ENGINE=MyISAM  DEFAULT CHARSET=utf8 AUTO_INCREMENT=2545 ;

--
-- Дамп данных таблицы `prices`
--

INSERT INTO `prices` (`id`, `hotel_id`, `ondate`, `price`) VALUES
(1, 4, '09.05.2016', '6100.00'),
(2, 4, '10.05.2016', '5675.00'),
(3, 4, '11.05.2016', '7550.00'),
(4, 4, '12.05.2016', '5560.00'),
(5, 4, '13.05.2016', '6100.00'),
(6, 4, '14.05.2016', '5675.00'),
(7, 4, '15.05.2016', '5250.00'),
(8, 4, '16.05.2016', '5045.00'),
(9, 4, '17.05.2016', '5900.00'),
(10, 4, '18.05.2016', '5750.00'),
(11, 4, '19.05.2016', '6525.00'),
(12, 4, '20.05.2016', '5650.00'),
(13, 4, '21.05.2016', '7565.00'),
(14, 4, '22.05.2016', '5950.00'),
(15, 4, '23.05.2016', '5045.00'),
(16, 4, '24.05.2016', '5045.00'),
(17, 4, '25.05.2016', '5950.00'),
(18, 4, '26.05.2016', '6525.00'),
(19, 4, '27.05.2016', '5950.00'),
(20, 4, '28.05.2016', '5950.00'),
(21, 4, '29.05.2016', '7150.00'),
(22, 4, '30.05.2016', '6525.00'),
(23, 4, '31.05.2016', '5675.00'),
(24, 4, '01.06.2016', '5950.00'),
(25, 4, '02.06.2016', '7550.00'),
(26, 4, '03.06.2016', '5250.00'),
(27, 4, '04.06.2016', '6640.00'),
(28, 4, '05.06.2016', '5950.00'),
(29, 4, '06.06.2016', '5045.00'),
(30, 4, '07.06.2016', '5045.00'),
(31, 4, '08.06.2016', '5250.00'),
(32, 4, '09.06.2016', '6525.00'),
(33, 4, '10.06.2016', '5900.00'),
(34, 4, '11.06.2016', '7550.00'),
(35, 4, '12.06.2016', '5250.00'),
(36, 4, '13.06.2016', '5050.00'),
(37, 4, '14.06.2016', '5675.00'),
(38, 4, '15.06.2016', '5900.00'),
(39, 4, '16.06.2016', '5250.00'),
(40, 4, '17.06.2016', '5050.00'),
(41, 4, '18.06.2016', '5050.00'),
(42, 4, '19.06.2016', '6225.00'),
(43, 4, '20.06.2016', '5375.00'),
(44, 4, '21.06.2016', '5950.00'),
(45, 4, '22.06.2016', '5250.00'),
(46, 4, '23.06.2016', '5125.00'),
(47, 4, '24.06.2016', '5900.00'),
(48, 4, '25.06.2016', '7150.00'),
(49, 4, '26.06.2016', '7550.00'),
(50, 4, '27.06.2016', '5650.00'),
(51, 4, '28.06.2016', '5125.00'),
(52, 4, '29.06.2016', '6100.00'),
(53, 4, '30.06.2016', '5500.00'),
(54, 5, '09.05.2016', '7550.00'),
(55, 5, '10.05.2016', '6100.00'),
(56, 5, '11.05.2016', '5045.00'),
(57, 5, '12.05.2016', '5950.00'),
(58, 5, '13.05.2016', '7550.00'),
(59, 5, '14.05.2016', '5500.00'),
(60, 5, '15.05.2016', '6100.00'),
(61, 5, '16.05.2016', '5045.00'),
(62, 5, '17.05.2016', '5750.00'),
(63, 5, '18.05.2016', '5950.00'),
(64, 5, '19.05.2016', '5650.00'),
(65, 5, '20.05.2016', '6525.00'),
(66, 5, '21.05.2016', '5750.00'),
(67, 5, '22.05.2016', '5250.00'),
(68, 5, '23.05.2016', '7150.00'),
(69, 5, '24.05.2016', '5125.00'),
(70, 5, '25.05.2016', '6100.00'),
(71, 5, '26.05.2016', '5045.00'),
(72, 5, '27.05.2016', '5500.00'),
(73, 5, '28.05.2016', '5375.00'),
(74, 5, '29.05.2016', '6100.00'),
(75, 5, '30.05.2016', '5375.00'),
(76, 5, '31.05.2016', '5675.00'),
(77, 5, '01.06.2016', '5750.00'),
(78, 5, '02.06.2016', '6100.00'),
(79, 5, '03.06.2016', '6525.00'),
(80, 5, '04.06.2016', '5750.00'),
(81, 5, '05.06.2016', '5045.00'),
(82, 5, '06.06.2016', '7150.00'),
(83, 5, '07.06.2016', '5050.00'),
(84, 5, '08.06.2016', '7150.00'),
(85, 5, '09.06.2016', '5950.00'),
(86, 5, '10.06.2016', '5950.00'),
(87, 5, '11.06.2016', '5375.00'),
(88, 5, '12.06.2016', '5250.00'),
(89, 5, '13.06.2016', '7550.00'),
(90, 5, '14.06.2016', '5750.00'),
(91, 5, '15.06.2016', '5045.00'),
(92, 5, '16.06.2016', '6525.00'),
(93, 5, '17.06.2016', '5900.00'),
(94, 5, '18.06.2016', '5045.00'),
(95, 5, '19.06.2016', '6525.00'),
(96, 5, '20.06.2016', '5950.00'),
(97, 5, '21.06.2016', '5900.00'),
(98, 5, '22.06.2016', '5250.00'),
(99, 5, '23.06.2016', '7150.00'),
(100, 5, '24.06.2016', '5050.00'),
(101, 5, '25.06.2016', '5675.00'),
(102, 5, '26.06.2016', '6100.00'),
(103, 5, '27.06.2016', '7550.00'),
(104, 5, '28.06.2016', '5450.00'),
(105, 5, '29.06.2016', '7550.00'),
(106, 5, '30.06.2016', '6100.00'),
(107, 6, '09.05.2016', '5500.00'),
(108, 6, '10.05.2016', '5950.00'),
(109, 6, '11.05.2016', '5950.00'),
(110, 6, '12.05.2016', '6100.00'),
(111, 6, '13.05.2016', '5950.00'),
(112, 6, '14.05.2016', '5450.00'),
(113, 6, '15.05.2016', '7550.00'),
(114, 6, '16.05.2016', '5375.00'),
(115, 6, '17.05.2016', '5900.00'),
(116, 6, '18.05.2016', '7150.00'),
(117, 6, '19.05.2016', '5250.00'),
(118, 6, '20.05.2016', '5450.00'),
(119, 6, '21.05.2016', '5950.00'),
(120, 6, '22.05.2016', '5675.00'),
(121, 6, '23.05.2016', '5045.00'),
(122, 6, '24.05.2016', '5500.00'),
(123, 6, '25.05.2016', '5900.00'),
(124, 6, '26.05.2016', '6525.00'),
(125, 6, '27.05.2016', '5250.00'),
(126, 6, '28.05.2016', '5125.00'),
(127, 6, '29.05.2016', '5900.00'),
(128, 6, '30.05.2016', '5125.00'),
(129, 6, '31.05.2016', '5450.00'),
(130, 6, '01.06.2016', '5900.00'),
(131, 6, '02.06.2016', '5750.00'),
(132, 6, '03.06.2016', '5250.00'),
(133, 6, '04.06.2016', '6100.00'),
(134, 6, '05.06.2016', '5750.00'),
(135, 6, '06.06.2016', '5900.00'),
(136, 6, '07.06.2016', '5250.00'),
(137, 6, '08.06.2016', '5250.00'),
(138, 6, '09.06.2016', '5045.00'),
(139, 6, '10.06.2016', '6525.00'),
(140, 6, '11.06.2016', '5650.00'),
(141, 6, '12.06.2016', '6525.00'),
(142, 6, '13.06.2016', '5125.00'),
(143, 6, '14.06.2016', '5375.00'),
(144, 6, '15.06.2016', '5125.00'),
(145, 6, '16.06.2016', '5900.00'),
(146, 6, '17.06.2016', '5375.00'),
(147, 6, '18.06.2016', '5500.00'),
(148, 6, '19.06.2016', '5650.00'),
(149, 6, '20.06.2016', '5500.00'),
(150, 6, '21.06.2016', '5050.00'),
(151, 6, '22.06.2016', '5500.00'),
(152, 6, '23.06.2016', '5675.00'),
(153, 6, '24.06.2016', '6525.00'),
(154, 6, '25.06.2016', '6100.00'),
(155, 6, '26.06.2016', '5450.00'),
(156, 6, '27.06.2016', '5750.00'),
(157, 6, '28.06.2016', '6525.00'),
(158, 6, '29.06.2016', '5450.00'),
(159, 6, '30.06.2016', '5050.00'),
(160, 7, '09.05.2016', '5045.00'),
(161, 7, '10.05.2016', '5950.00'),
(162, 7, '11.05.2016', '5125.00'),
(163, 7, '12.05.2016', '5500.00'),
(164, 7, '13.05.2016', '6525.00'),
(165, 7, '14.05.2016', '5650.00'),
(166, 7, '15.05.2016', '5650.00'),
(167, 7, '16.05.2016', '5125.00'),
(168, 7, '17.05.2016', '5450.00'),
(169, 7, '18.05.2016', '6225.00'),
(170, 7, '19.05.2016', '5750.00'),
(171, 7, '20.05.2016', '5375.00'),
(172, 7, '21.05.2016', '5045.00'),
(173, 7, '22.05.2016', '6525.00'),
(174, 7, '23.05.2016', '5500.00'),
(175, 7, '24.05.2016', '6100.00'),
(176, 7, '25.05.2016', '6640.00'),
(177, 7, '26.05.2016', '6100.00'),
(178, 7, '27.05.2016', '5450.00'),
(179, 7, '28.05.2016', '5050.00'),
(180, 7, '29.05.2016', '5650.00'),
(181, 7, '30.05.2016', '6100.00'),
(182, 7, '31.05.2016', '6225.00'),
(183, 7, '01.06.2016', '6640.00'),
(184, 7, '02.06.2016', '6100.00'),
(185, 7, '03.06.2016', '5750.00'),
(186, 7, '04.06.2016', '5375.00'),
(187, 7, '05.06.2016', '7150.00'),
(188, 7, '06.06.2016', '5450.00'),
(189, 7, '07.06.2016', '5450.00'),
(190, 7, '08.06.2016', '5250.00'),
(191, 7, '09.06.2016', '5675.00'),
(192, 7, '10.06.2016', '5750.00'),
(193, 7, '11.06.2016', '7550.00'),
(194, 7, '12.06.2016', '5675.00'),
(195, 7, '13.06.2016', '5675.00'),
(196, 7, '14.06.2016', '6640.00'),
(197, 7, '15.06.2016', '5045.00'),
(198, 7, '16.06.2016', '5250.00'),
(199, 7, '17.06.2016', '5750.00'),
(200, 7, '18.06.2016', '5950.00'),
(201, 7, '19.06.2016', '6225.00'),
(202, 7, '20.06.2016', '5950.00'),
(203, 7, '21.06.2016', '5900.00'),
(204, 7, '22.06.2016', '5125.00'),
(205, 7, '23.06.2016', '5250.00'),
(206, 7, '24.06.2016', '6525.00'),
(207, 7, '25.06.2016', '6525.00'),
(208, 7, '26.06.2016', '5950.00'),
(209, 7, '27.06.2016', '5050.00'),
(210, 7, '28.06.2016', '5950.00'),
(211, 7, '29.06.2016', '5050.00'),
(212, 7, '30.06.2016', '5050.00'),
(213, 8, '09.05.2016', '5125.00'),
(214, 8, '10.05.2016', '5650.00'),
(215, 8, '11.05.2016', '5650.00'),
(216, 8, '12.05.2016', '5750.00'),
(217, 8, '13.05.2016', '7550.00'),
(218, 8, '14.05.2016', '5675.00'),
(219, 8, '15.05.2016', '5250.00'),
(220, 8, '16.05.2016', '5900.00'),
(221, 8, '17.05.2016', '5050.00'),
(222, 8, '18.05.2016', '6640.00'),
(223, 8, '19.05.2016', '5050.00'),
(224, 8, '20.05.2016', '6525.00'),
(225, 8, '21.05.2016', '5375.00'),
(226, 8, '22.05.2016', '5900.00'),
(227, 8, '23.05.2016', '5900.00'),
(228, 8, '24.05.2016', '6640.00'),
(229, 8, '25.05.2016', '7150.00'),
(230, 8, '26.05.2016', '5050.00'),
(231, 8, '27.05.2016', '5375.00'),
(232, 8, '28.05.2016', '5650.00'),
(233, 8, '29.05.2016', '5125.00'),
(234, 8, '30.05.2016', '5750.00'),
(235, 8, '31.05.2016', '5250.00'),
(236, 8, '01.06.2016', '5750.00'),
(237, 8, '02.06.2016', '5250.00'),
(238, 8, '03.06.2016', '5050.00'),
(239, 8, '04.06.2016', '5650.00'),
(240, 8, '05.06.2016', '6100.00'),
(241, 8, '06.06.2016', '5900.00'),
(242, 8, '07.06.2016', '5375.00'),
(243, 8, '08.06.2016', '5450.00'),
(244, 8, '09.06.2016', '7150.00'),
(245, 8, '10.06.2016', '5650.00'),
(246, 8, '11.06.2016', '5650.00'),
(247, 8, '12.06.2016', '5125.00'),
(248, 8, '13.06.2016', '6640.00'),
(249, 8, '14.06.2016', '6225.00'),
(250, 8, '15.06.2016', '6225.00'),
(251, 8, '16.06.2016', '5750.00'),
(252, 8, '17.06.2016', '5050.00'),
(253, 8, '18.06.2016', '5045.00'),
(254, 8, '19.06.2016', '6100.00'),
(255, 8, '20.06.2016', '5950.00'),
(256, 8, '21.06.2016', '5900.00'),
(257, 8, '22.06.2016', '5950.00'),
(258, 8, '23.06.2016', '6640.00'),
(259, 8, '24.06.2016', '5050.00'),
(260, 8, '25.06.2016', '5050.00'),
(261, 8, '26.06.2016', '5500.00'),
(262, 8, '27.06.2016', '7550.00'),
(263, 8, '28.06.2016', '6525.00'),
(264, 8, '29.06.2016', '6640.00'),
(265, 8, '30.06.2016', '6100.00'),
(266, 9, '09.05.2016', '5650.00'),
(267, 9, '10.05.2016', '7150.00'),
(268, 9, '11.05.2016', '5950.00'),
(269, 9, '12.05.2016', '7150.00'),
(270, 9, '13.05.2016', '5500.00'),
(271, 9, '14.05.2016', '6225.00'),
(272, 9, '15.05.2016', '5125.00'),
(273, 9, '16.05.2016', '6525.00'),
(274, 9, '17.05.2016', '6640.00'),
(275, 9, '18.05.2016', '5950.00'),
(276, 9, '19.05.2016', '5500.00'),
(277, 9, '20.05.2016', '5900.00'),
(278, 9, '21.05.2016', '6225.00'),
(279, 9, '22.05.2016', '5650.00'),
(280, 9, '23.05.2016', '5050.00'),
(281, 9, '24.05.2016', '5950.00'),
(282, 9, '25.05.2016', '5450.00'),
(283, 9, '26.05.2016', '5900.00'),
(284, 9, '27.05.2016', '5675.00'),
(285, 9, '28.05.2016', '5450.00'),
(286, 9, '29.05.2016', '5750.00'),
(287, 9, '30.05.2016', '5450.00'),
(288, 9, '31.05.2016', '5900.00'),
(289, 9, '01.06.2016', '7150.00'),
(290, 9, '02.06.2016', '5250.00'),
(291, 9, '03.06.2016', '6100.00'),
(292, 9, '04.06.2016', '5500.00'),
(293, 9, '05.06.2016', '5250.00'),
(294, 9, '06.06.2016', '5125.00'),
(295, 9, '07.06.2016', '6225.00'),
(296, 9, '08.06.2016', '6525.00'),
(297, 9, '09.06.2016', '5950.00'),
(298, 9, '10.06.2016', '7150.00'),
(299, 9, '11.06.2016', '6100.00'),
(300, 9, '12.06.2016', '5250.00'),
(301, 9, '13.06.2016', '6225.00'),
(302, 9, '14.06.2016', '5500.00'),
(303, 9, '15.06.2016', '5050.00'),
(304, 9, '16.06.2016', '6225.00'),
(305, 9, '17.06.2016', '6525.00'),
(306, 9, '18.06.2016', '5375.00'),
(307, 9, '19.06.2016', '5500.00'),
(308, 9, '20.06.2016', '6525.00'),
(309, 9, '21.06.2016', '5250.00'),
(310, 9, '22.06.2016', '5450.00'),
(311, 9, '23.06.2016', '6525.00'),
(312, 9, '24.06.2016', '6525.00'),
(313, 9, '25.06.2016', '7550.00'),
(314, 9, '26.06.2016', '5125.00'),
(315, 9, '27.06.2016', '5900.00'),
(316, 9, '28.06.2016', '5900.00'),
(317, 9, '29.06.2016', '5900.00'),
(318, 9, '30.06.2016', '6640.00'),
(319, 10, '09.05.2016', '6640.00'),
(320, 10, '10.05.2016', '5050.00'),
(321, 10, '11.05.2016', '7150.00'),
(322, 10, '12.05.2016', '5900.00'),
(323, 10, '13.05.2016', '5250.00'),
(324, 10, '14.05.2016', '5125.00'),
(325, 10, '15.05.2016', '7150.00'),
(326, 10, '16.05.2016', '5450.00'),
(327, 10, '17.05.2016', '6525.00'),
(328, 10, '18.05.2016', '5250.00'),
(329, 10, '19.05.2016', '5900.00'),
(330, 10, '20.05.2016', '6525.00'),
(331, 10, '21.05.2016', '6100.00'),
(332, 10, '22.05.2016', '7550.00'),
(333, 10, '23.05.2016', '5675.00'),
(334, 10, '24.05.2016', '5750.00'),
(335, 10, '25.05.2016', '5900.00'),
(336, 10, '26.05.2016', '5450.00'),
(337, 10, '27.05.2016', '6100.00'),
(338, 10, '28.05.2016', '5125.00'),
(339, 10, '29.05.2016', '6225.00'),
(340, 10, '30.05.2016', '7150.00'),
(341, 10, '31.05.2016', '5500.00'),
(342, 10, '01.06.2016', '5375.00'),
(343, 10, '02.06.2016', '5125.00'),
(344, 10, '03.06.2016', '5750.00'),
(345, 10, '04.06.2016', '5650.00'),
(346, 10, '05.06.2016', '6640.00'),
(347, 10, '06.06.2016', '5675.00'),
(348, 10, '07.06.2016', '6525.00'),
(349, 10, '08.06.2016', '6640.00'),
(350, 10, '09.06.2016', '5375.00'),
(351, 10, '10.06.2016', '5500.00'),
(352, 10, '11.06.2016', '5750.00'),
(353, 10, '12.06.2016', '5500.00'),
(354, 10, '13.06.2016', '5375.00'),
(355, 10, '14.06.2016', '7550.00'),
(356, 10, '15.06.2016', '5450.00'),
(357, 10, '16.06.2016', '6100.00'),
(358, 10, '17.06.2016', '5375.00'),
(359, 10, '18.06.2016', '5950.00'),
(360, 10, '19.06.2016', '5045.00'),
(361, 10, '20.06.2016', '6100.00'),
(362, 10, '21.06.2016', '7150.00'),
(363, 10, '22.06.2016', '7550.00'),
(364, 10, '23.06.2016', '5900.00'),
(365, 10, '24.06.2016', '7150.00'),
(366, 10, '25.06.2016', '5375.00'),
(367, 10, '26.06.2016', '5050.00'),
(368, 10, '27.06.2016', '5125.00'),
(369, 10, '28.06.2016', '5050.00'),
(370, 10, '29.06.2016', '5950.00'),
(371, 10, '30.06.2016', '7550.00'),
(372, 11, '09.05.2016', '5375.00'),
(373, 11, '10.05.2016', '5250.00'),
(374, 11, '11.05.2016', '6640.00'),
(375, 11, '12.05.2016', '6100.00'),
(376, 11, '13.05.2016', '7550.00'),
(377, 11, '14.05.2016', '6525.00'),
(378, 11, '15.05.2016', '6525.00'),
(379, 11, '16.05.2016', '5450.00'),
(380, 11, '17.05.2016', '5950.00'),
(381, 11, '18.05.2016', '6100.00'),
(382, 11, '19.05.2016', '5050.00'),
(383, 11, '20.05.2016', '5045.00'),
(384, 11, '21.05.2016', '6525.00'),
(385, 11, '22.05.2016', '5900.00'),
(386, 11, '23.05.2016', '7150.00'),
(387, 11, '24.05.2016', '5250.00'),
(388, 11, '25.05.2016', '5500.00'),
(389, 11, '26.05.2016', '5250.00'),
(390, 11, '27.05.2016', '5675.00'),
(391, 11, '28.05.2016', '5500.00'),
(392, 11, '29.05.2016', '5250.00'),
(393, 11, '30.05.2016', '5950.00'),
(394, 11, '31.05.2016', '5900.00'),
(395, 11, '01.06.2016', '5900.00'),
(396, 11, '02.06.2016', '5375.00'),
(397, 11, '03.06.2016', '6640.00'),
(398, 11, '04.06.2016', '5900.00'),
(399, 11, '05.06.2016', '5675.00'),
(400, 11, '06.06.2016', '5250.00'),
(401, 11, '07.06.2016', '5045.00'),
(402, 11, '08.06.2016', '5450.00'),
(403, 11, '09.06.2016', '5950.00'),
(404, 11, '10.06.2016', '6100.00'),
(405, 11, '11.06.2016', '5250.00'),
(406, 11, '12.06.2016', '5250.00'),
(407, 11, '13.06.2016', '7550.00'),
(408, 11, '14.06.2016', '5900.00'),
(409, 11, '15.06.2016', '5500.00'),
(410, 11, '16.06.2016', '5045.00'),
(411, 11, '17.06.2016', '7150.00'),
(412, 11, '18.06.2016', '5375.00'),
(413, 11, '19.06.2016', '6640.00'),
(414, 11, '20.06.2016', '6640.00'),
(415, 11, '21.06.2016', '5045.00'),
(416, 11, '22.06.2016', '5125.00'),
(417, 11, '23.06.2016', '5045.00'),
(418, 11, '24.06.2016', '5750.00'),
(419, 11, '25.06.2016', '7550.00'),
(420, 11, '26.06.2016', '7550.00'),
(421, 11, '27.06.2016', '5450.00'),
(422, 11, '28.06.2016', '7550.00'),
(423, 11, '29.06.2016', '5045.00'),
(424, 11, '30.06.2016', '6225.00'),
(425, 12, '09.05.2016', '5050.00'),
(426, 12, '10.05.2016', '7550.00'),
(427, 12, '11.05.2016', '6100.00'),
(428, 12, '12.05.2016', '7150.00'),
(429, 12, '13.05.2016', '5675.00'),
(430, 12, '14.05.2016', '5045.00'),
(431, 12, '15.05.2016', '6100.00'),
(432, 12, '16.05.2016', '5050.00'),
(433, 12, '17.05.2016', '6225.00'),
(434, 12, '18.05.2016', '5650.00'),
(435, 12, '19.05.2016', '5500.00'),
(436, 12, '20.05.2016', '7150.00'),
(437, 12, '21.05.2016', '5125.00'),
(438, 12, '22.05.2016', '6525.00'),
(439, 12, '23.05.2016', '6225.00'),
(440, 12, '24.05.2016', '5950.00'),
(441, 12, '25.05.2016', '5675.00'),
(442, 12, '26.05.2016', '5450.00'),
(443, 12, '27.05.2016', '5375.00'),
(444, 12, '28.05.2016', '5125.00'),
(445, 12, '29.05.2016', '5050.00'),
(446, 12, '30.05.2016', '6100.00'),
(447, 12, '31.05.2016', '5375.00'),
(448, 12, '01.06.2016', '5050.00'),
(449, 12, '02.06.2016', '5375.00'),
(450, 12, '03.06.2016', '5500.00'),
(451, 12, '04.06.2016', '5250.00'),
(452, 12, '05.06.2016', '5045.00'),
(453, 12, '06.06.2016', '5045.00'),
(454, 12, '07.06.2016', '5900.00'),
(455, 12, '08.06.2016', '7550.00'),
(456, 12, '09.06.2016', '5650.00'),
(457, 12, '10.06.2016', '5900.00'),
(458, 12, '11.06.2016', '5950.00'),
(459, 12, '12.06.2016', '6525.00'),
(460, 12, '13.06.2016', '5675.00'),
(461, 12, '14.06.2016', '5900.00'),
(462, 12, '15.06.2016', '5050.00'),
(463, 12, '16.06.2016', '5375.00'),
(464, 12, '17.06.2016', '7150.00'),
(465, 12, '18.06.2016', '5750.00'),
(466, 12, '19.06.2016', '5375.00'),
(467, 12, '20.06.2016', '5050.00'),
(468, 12, '21.06.2016', '6525.00'),
(469, 12, '22.06.2016', '6225.00'),
(470, 12, '23.06.2016', '7550.00'),
(471, 12, '24.06.2016', '5950.00'),
(472, 12, '25.06.2016', '5650.00'),
(473, 12, '26.06.2016', '5750.00'),
(474, 12, '27.06.2016', '6525.00'),
(475, 12, '28.06.2016', '6100.00'),
(476, 12, '29.06.2016', '5450.00'),
(477, 12, '30.06.2016', '6640.00'),
(478, 13, '09.05.2016', '6225.00'),
(479, 13, '10.05.2016', '5125.00'),
(480, 13, '11.05.2016', '6225.00'),
(481, 13, '12.05.2016', '6100.00'),
(482, 13, '13.05.2016', '5675.00'),
(483, 13, '14.05.2016', '6525.00'),
(484, 13, '15.05.2016', '5950.00'),
(485, 13, '16.05.2016', '5250.00'),
(486, 13, '17.05.2016', '5045.00'),
(487, 13, '18.05.2016', '5375.00'),
(488, 13, '19.05.2016', '7550.00'),
(489, 13, '20.05.2016', '5500.00'),
(490, 13, '21.05.2016', '5675.00'),
(491, 13, '22.05.2016', '6100.00'),
(492, 13, '23.05.2016', '5125.00'),
(493, 13, '24.05.2016', '6100.00'),
(494, 13, '25.05.2016', '6100.00'),
(495, 13, '26.05.2016', '5650.00'),
(496, 13, '27.05.2016', '6525.00'),
(497, 13, '28.05.2016', '5950.00'),
(498, 13, '29.05.2016', '5050.00'),
(499, 13, '30.05.2016', '5250.00'),
(500, 13, '31.05.2016', '5125.00'),
(501, 13, '01.06.2016', '5125.00'),
(502, 13, '02.06.2016', '7550.00'),
(503, 13, '03.06.2016', '5450.00'),
(504, 13, '04.06.2016', '5250.00'),
(505, 13, '05.06.2016', '5375.00'),
(506, 13, '06.06.2016', '5675.00'),
(507, 13, '07.06.2016', '7550.00'),
(508, 13, '08.06.2016', '7150.00'),
(509, 13, '09.06.2016', '5750.00'),
(510, 13, '10.06.2016', '5500.00'),
(511, 13, '11.06.2016', '5125.00'),
(512, 13, '12.06.2016', '5045.00'),
(513, 13, '13.06.2016', '5250.00'),
(514, 13, '14.06.2016', '7150.00'),
(515, 13, '15.06.2016', '5450.00'),
(516, 13, '16.06.2016', '7550.00'),
(517, 13, '17.06.2016', '6225.00'),
(518, 13, '18.06.2016', '5050.00'),
(519, 13, '19.06.2016', '5500.00'),
(520, 13, '20.06.2016', '5500.00'),
(521, 13, '21.06.2016', '6100.00'),
(522, 13, '22.06.2016', '5950.00'),
(523, 13, '23.06.2016', '5050.00'),
(524, 13, '24.06.2016', '5750.00'),
(525, 13, '25.06.2016', '5050.00'),
(526, 13, '26.06.2016', '5950.00'),
(527, 13, '27.06.2016', '5250.00'),
(528, 13, '28.06.2016', '5375.00'),
(529, 13, '29.06.2016', '5650.00'),
(530, 13, '30.06.2016', '5450.00'),
(531, 14, '09.05.2016', '5900.00'),
(532, 14, '10.05.2016', '5750.00'),
(533, 14, '11.05.2016', '6525.00'),
(534, 14, '12.05.2016', '6100.00'),
(535, 14, '13.05.2016', '5250.00'),
(536, 14, '14.05.2016', '5050.00'),
(537, 14, '15.05.2016', '5750.00'),
(538, 14, '16.05.2016', '5045.00'),
(539, 14, '17.05.2016', '5500.00'),
(540, 14, '18.05.2016', '5250.00'),
(541, 14, '19.05.2016', '6100.00'),
(542, 14, '20.05.2016', '6225.00'),
(543, 14, '21.05.2016', '6225.00'),
(544, 14, '22.05.2016', '5125.00'),
(545, 14, '23.05.2016', '5750.00'),
(546, 14, '24.05.2016', '5050.00'),
(547, 14, '25.05.2016', '6640.00'),
(548, 14, '26.05.2016', '5950.00'),
(549, 14, '27.05.2016', '5375.00'),
(550, 14, '28.05.2016', '5050.00'),
(551, 14, '29.05.2016', '5900.00'),
(552, 14, '30.05.2016', '5650.00'),
(553, 14, '31.05.2016', '5750.00'),
(554, 14, '01.06.2016', '6225.00'),
(555, 14, '02.06.2016', '5900.00'),
(556, 14, '03.06.2016', '5675.00'),
(557, 14, '04.06.2016', '6640.00'),
(558, 14, '05.06.2016', '5450.00'),
(559, 14, '06.06.2016', '5500.00'),
(560, 14, '07.06.2016', '5050.00'),
(561, 14, '08.06.2016', '5750.00'),
(562, 14, '09.06.2016', '6640.00'),
(563, 14, '10.06.2016', '5950.00'),
(564, 14, '11.06.2016', '5900.00'),
(565, 14, '12.06.2016', '5045.00'),
(566, 14, '13.06.2016', '5900.00'),
(567, 14, '14.06.2016', '5950.00'),
(568, 14, '15.06.2016', '5045.00'),
(569, 14, '16.06.2016', '5050.00'),
(570, 14, '17.06.2016', '5650.00'),
(571, 14, '18.06.2016', '5125.00'),
(572, 14, '19.06.2016', '5375.00'),
(573, 14, '20.06.2016', '5125.00'),
(574, 14, '21.06.2016', '5050.00'),
(575, 14, '22.06.2016', '5045.00'),
(576, 14, '23.06.2016', '7150.00'),
(577, 14, '24.06.2016', '5250.00'),
(578, 14, '25.06.2016', '6225.00'),
(579, 14, '26.06.2016', '5045.00'),
(580, 14, '27.06.2016', '5250.00'),
(581, 14, '28.06.2016', '5250.00'),
(582, 14, '29.06.2016', '6640.00'),
(583, 14, '30.06.2016', '6225.00'),
(584, 15, '09.05.2016', '5250.00'),
(585, 15, '10.05.2016', '6100.00'),
(586, 15, '11.05.2016', '6100.00'),
(587, 15, '12.05.2016', '5125.00'),
(588, 15, '13.05.2016', '5050.00'),
(589, 15, '14.05.2016', '7550.00'),
(590, 15, '15.05.2016', '5900.00'),
(591, 15, '16.05.2016', '7550.00'),
(592, 15, '17.05.2016', '6100.00'),
(593, 15, '18.05.2016', '5750.00'),
(594, 15, '19.05.2016', '5125.00'),
(595, 15, '20.05.2016', '6100.00'),
(596, 15, '21.05.2016', '6100.00'),
(597, 15, '22.05.2016', '5050.00'),
(598, 15, '23.05.2016', '6640.00'),
(599, 15, '24.05.2016', '5050.00'),
(600, 15, '25.05.2016', '6525.00'),
(601, 15, '26.05.2016', '5950.00'),
(602, 15, '27.05.2016', '5500.00'),
(603, 15, '28.05.2016', '6525.00'),
(604, 15, '29.05.2016', '5900.00'),
(605, 15, '30.05.2016', '7150.00'),
(606, 15, '31.05.2016', '5650.00'),
(607, 15, '01.06.2016', '7550.00'),
(608, 15, '02.06.2016', '5375.00'),
(609, 15, '03.06.2016', '6100.00'),
(610, 15, '04.06.2016', '6640.00'),
(611, 15, '05.06.2016', '6640.00'),
(612, 15, '06.06.2016', '7150.00'),
(613, 15, '07.06.2016', '5750.00'),
(614, 15, '08.06.2016', '6525.00'),
(615, 15, '09.06.2016', '6525.00'),
(616, 15, '10.06.2016', '6525.00'),
(617, 15, '11.06.2016', '6225.00'),
(618, 15, '12.06.2016', '5950.00'),
(619, 15, '13.06.2016', '6640.00'),
(620, 15, '14.06.2016', '6225.00'),
(621, 15, '15.06.2016', '5675.00'),
(622, 15, '16.06.2016', '5125.00'),
(623, 15, '17.06.2016', '5900.00'),
(624, 15, '18.06.2016', '6525.00'),
(625, 15, '19.06.2016', '6525.00'),
(626, 15, '20.06.2016', '5450.00'),
(627, 15, '21.06.2016', '6525.00'),
(628, 15, '22.06.2016', '6100.00'),
(629, 15, '23.06.2016', '6100.00'),
(630, 15, '24.06.2016', '5650.00'),
(631, 15, '25.06.2016', '7550.00'),
(632, 15, '26.06.2016', '5675.00'),
(633, 15, '27.06.2016', '5375.00'),
(634, 15, '28.06.2016', '6525.00'),
(635, 15, '29.06.2016', '5050.00'),
(636, 15, '30.06.2016', '6225.00'),
(637, 16, '09.05.2016', '5500.00'),
(638, 16, '10.05.2016', '5950.00'),
(639, 16, '11.05.2016', '5675.00'),
(640, 16, '12.05.2016', '6525.00'),
(641, 16, '13.05.2016', '5045.00'),
(642, 16, '14.05.2016', '5500.00'),
(643, 16, '15.05.2016', '5900.00'),
(644, 16, '16.05.2016', '7150.00'),
(645, 16, '17.05.2016', '5750.00'),
(646, 16, '18.05.2016', '6525.00'),
(647, 16, '19.05.2016', '5125.00'),
(648, 16, '20.05.2016', '5450.00'),
(649, 16, '21.05.2016', '5650.00'),
(650, 16, '22.05.2016', '7550.00'),
(651, 16, '23.05.2016', '7550.00'),
(652, 16, '24.05.2016', '5650.00'),
(653, 16, '25.05.2016', '5375.00'),
(654, 16, '26.05.2016', '7150.00'),
(655, 16, '27.05.2016', '7150.00'),
(656, 16, '28.05.2016', '7150.00'),
(657, 16, '29.05.2016', '5125.00'),
(658, 16, '30.05.2016', '7150.00'),
(659, 16, '31.05.2016', '6525.00'),
(660, 16, '01.06.2016', '5675.00'),
(661, 16, '02.06.2016', '5650.00'),
(662, 16, '03.06.2016', '5675.00'),
(663, 16, '04.06.2016', '7550.00'),
(664, 16, '05.06.2016', '6525.00'),
(665, 16, '06.06.2016', '5250.00'),
(666, 16, '07.06.2016', '7550.00'),
(667, 16, '08.06.2016', '6640.00'),
(668, 16, '09.06.2016', '5950.00'),
(669, 16, '10.06.2016', '5650.00'),
(670, 16, '11.06.2016', '5050.00'),
(671, 16, '12.06.2016', '7150.00'),
(672, 16, '13.06.2016', '7550.00'),
(673, 16, '14.06.2016', '5250.00'),
(674, 16, '15.06.2016', '5950.00'),
(675, 16, '16.06.2016', '5500.00'),
(676, 16, '17.06.2016', '7550.00'),
(677, 16, '18.06.2016', '6525.00'),
(678, 16, '19.06.2016', '5750.00'),
(679, 16, '20.06.2016', '5900.00'),
(680, 16, '21.06.2016', '6100.00'),
(681, 16, '22.06.2016', '5950.00'),
(682, 16, '23.06.2016', '5950.00'),
(683, 16, '24.06.2016', '5045.00'),
(684, 16, '25.06.2016', '6525.00'),
(685, 16, '26.06.2016', '5250.00'),
(686, 16, '27.06.2016', '5750.00'),
(687, 16, '28.06.2016', '5050.00'),
(688, 16, '29.06.2016', '7550.00'),
(689, 16, '30.06.2016', '5950.00'),
(690, 17, '09.05.2016', '5450.00'),
(691, 17, '10.05.2016', '5750.00'),
(692, 17, '11.05.2016', '5375.00'),
(693, 17, '12.05.2016', '7150.00'),
(694, 17, '13.05.2016', '5900.00'),
(695, 17, '14.05.2016', '5125.00'),
(696, 17, '15.05.2016', '6640.00'),
(697, 17, '16.05.2016', '5450.00'),
(698, 17, '17.05.2016', '6225.00'),
(699, 17, '18.05.2016', '5375.00'),
(700, 17, '19.05.2016', '7150.00'),
(701, 17, '20.05.2016', '5450.00'),
(702, 17, '21.05.2016', '5900.00'),
(703, 17, '22.05.2016', '7150.00'),
(704, 17, '23.05.2016', '5450.00'),
(705, 17, '24.05.2016', '7550.00'),
(706, 17, '25.05.2016', '5045.00'),
(707, 17, '26.05.2016', '5950.00'),
(708, 17, '27.05.2016', '5125.00'),
(709, 17, '28.05.2016', '5050.00'),
(710, 17, '29.05.2016', '7550.00'),
(711, 17, '30.05.2016', '5750.00'),
(712, 17, '31.05.2016', '6100.00'),
(713, 17, '01.06.2016', '6100.00'),
(714, 17, '02.06.2016', '6640.00'),
(715, 17, '03.06.2016', '5500.00'),
(716, 17, '04.06.2016', '5450.00'),
(717, 17, '05.06.2016', '6525.00'),
(718, 17, '06.06.2016', '5125.00'),
(719, 17, '07.06.2016', '5500.00'),
(720, 17, '08.06.2016', '5500.00'),
(721, 17, '09.06.2016', '5900.00'),
(722, 17, '10.06.2016', '5750.00'),
(723, 17, '11.06.2016', '6225.00'),
(724, 17, '12.06.2016', '5375.00'),
(725, 17, '13.06.2016', '6525.00'),
(726, 17, '14.06.2016', '5250.00'),
(727, 17, '15.06.2016', '5675.00'),
(728, 17, '16.06.2016', '6100.00'),
(729, 17, '17.06.2016', '5675.00'),
(730, 17, '18.06.2016', '5750.00'),
(731, 17, '19.06.2016', '5050.00'),
(732, 17, '20.06.2016', '6100.00'),
(733, 17, '21.06.2016', '7150.00'),
(734, 17, '22.06.2016', '6525.00'),
(735, 17, '23.06.2016', '5675.00'),
(736, 17, '24.06.2016', '5045.00'),
(737, 17, '25.06.2016', '5125.00'),
(738, 17, '26.06.2016', '7150.00'),
(739, 17, '27.06.2016', '6640.00'),
(740, 17, '28.06.2016', '5125.00'),
(741, 17, '29.06.2016', '7150.00'),
(742, 17, '30.06.2016', '6525.00'),
(743, 18, '09.05.2016', '5125.00'),
(744, 18, '10.05.2016', '6225.00'),
(745, 18, '11.05.2016', '5375.00'),
(746, 18, '12.05.2016', '5500.00'),
(747, 18, '13.05.2016', '5650.00'),
(748, 18, '14.05.2016', '5500.00'),
(749, 18, '15.05.2016', '5250.00'),
(750, 18, '16.05.2016', '7550.00'),
(751, 18, '17.05.2016', '6225.00'),
(752, 18, '18.05.2016', '5750.00'),
(753, 18, '19.05.2016', '6640.00'),
(754, 18, '20.05.2016', '5125.00'),
(755, 18, '21.05.2016', '6640.00'),
(756, 18, '22.05.2016', '6100.00'),
(757, 18, '23.05.2016', '7150.00'),
(758, 18, '24.05.2016', '6640.00'),
(759, 18, '25.05.2016', '6100.00'),
(760, 18, '26.05.2016', '5250.00'),
(761, 18, '27.05.2016', '5045.00'),
(762, 18, '28.05.2016', '5900.00'),
(763, 18, '29.05.2016', '5375.00'),
(764, 18, '30.05.2016', '7550.00'),
(765, 18, '31.05.2016', '5500.00'),
(766, 18, '01.06.2016', '6640.00'),
(767, 18, '02.06.2016', '5750.00'),
(768, 18, '03.06.2016', '5650.00'),
(769, 18, '04.06.2016', '5750.00'),
(770, 18, '05.06.2016', '5900.00'),
(771, 18, '06.06.2016', '5375.00'),
(772, 18, '07.06.2016', '5900.00'),
(773, 18, '08.06.2016', '6525.00'),
(774, 18, '09.06.2016', '6225.00'),
(775, 18, '10.06.2016', '5125.00'),
(776, 18, '11.06.2016', '5050.00'),
(777, 18, '12.06.2016', '5050.00'),
(778, 18, '13.06.2016', '5045.00'),
(779, 18, '14.06.2016', '5950.00'),
(780, 18, '15.06.2016', '5375.00'),
(781, 18, '16.06.2016', '5950.00'),
(782, 18, '17.06.2016', '5750.00'),
(783, 18, '18.06.2016', '6640.00'),
(784, 18, '19.06.2016', '7150.00'),
(785, 18, '20.06.2016', '6525.00'),
(786, 18, '21.06.2016', '5750.00'),
(787, 18, '22.06.2016', '5950.00'),
(788, 18, '23.06.2016', '6100.00'),
(789, 18, '24.06.2016', '5375.00'),
(790, 18, '25.06.2016', '7150.00'),
(791, 18, '26.06.2016', '5750.00'),
(792, 18, '27.06.2016', '5900.00'),
(793, 18, '28.06.2016', '5375.00'),
(794, 18, '29.06.2016', '5900.00'),
(795, 18, '30.06.2016', '5125.00'),
(796, 19, '09.05.2016', '6100.00'),
(797, 19, '10.05.2016', '7550.00'),
(798, 19, '11.05.2016', '5750.00'),
(799, 19, '12.05.2016', '7550.00'),
(800, 19, '13.05.2016', '7150.00'),
(801, 19, '14.05.2016', '6640.00'),
(802, 19, '15.05.2016', '5950.00'),
(803, 19, '16.05.2016', '5675.00'),
(804, 19, '17.05.2016', '5125.00'),
(805, 19, '18.05.2016', '7150.00'),
(806, 19, '19.05.2016', '5045.00'),
(807, 19, '20.05.2016', '5125.00'),
(808, 19, '21.05.2016', '7550.00'),
(809, 19, '22.05.2016', '7150.00'),
(810, 19, '23.05.2016', '5250.00'),
(811, 19, '24.05.2016', '5900.00'),
(812, 19, '25.05.2016', '7150.00'),
(813, 19, '26.05.2016', '5950.00'),
(814, 19, '27.05.2016', '7550.00'),
(815, 19, '28.05.2016', '5500.00'),
(816, 19, '29.05.2016', '5950.00'),
(817, 19, '30.05.2016', '6225.00'),
(818, 19, '31.05.2016', '6100.00'),
(819, 19, '01.06.2016', '6100.00'),
(820, 19, '02.06.2016', '5900.00'),
(821, 19, '03.06.2016', '6225.00'),
(822, 19, '04.06.2016', '5950.00'),
(823, 19, '05.06.2016', '5950.00'),
(824, 19, '06.06.2016', '5045.00'),
(825, 19, '07.06.2016', '6525.00'),
(826, 19, '08.06.2016', '5450.00'),
(827, 19, '09.06.2016', '5045.00'),
(828, 19, '10.06.2016', '5375.00'),
(829, 19, '11.06.2016', '5900.00'),
(830, 19, '12.06.2016', '6640.00'),
(831, 19, '13.06.2016', '5650.00'),
(832, 19, '14.06.2016', '5500.00'),
(833, 19, '15.06.2016', '6225.00'),
(834, 19, '16.06.2016', '5045.00'),
(835, 19, '17.06.2016', '5375.00'),
(836, 19, '18.06.2016', '5450.00'),
(837, 19, '19.06.2016', '5950.00'),
(838, 19, '20.06.2016', '5650.00'),
(839, 19, '21.06.2016', '5125.00'),
(840, 19, '22.06.2016', '6100.00'),
(841, 19, '23.06.2016', '5900.00'),
(842, 19, '24.06.2016', '7150.00'),
(843, 19, '25.06.2016', '5675.00'),
(844, 19, '26.06.2016', '7550.00'),
(845, 19, '27.06.2016', '6225.00'),
(846, 19, '28.06.2016', '5045.00'),
(847, 19, '29.06.2016', '6640.00'),
(848, 19, '30.06.2016', '5900.00'),
(849, 20, '09.05.2016', '6525.00'),
(850, 20, '10.05.2016', '5125.00'),
(851, 20, '11.05.2016', '5500.00'),
(852, 20, '12.05.2016', '5675.00'),
(853, 20, '13.05.2016', '7550.00'),
(854, 20, '14.05.2016', '6225.00'),
(855, 20, '15.05.2016', '5450.00'),
(856, 20, '16.05.2016', '5250.00'),
(857, 20, '17.05.2016', '6640.00'),
(858, 20, '18.05.2016', '5250.00'),
(859, 20, '19.05.2016', '5500.00'),
(860, 20, '20.05.2016', '5950.00'),
(861, 20, '21.05.2016', '5650.00'),
(862, 20, '22.05.2016', '5750.00'),
(863, 20, '23.05.2016', '5050.00'),
(864, 20, '24.05.2016', '6225.00'),
(865, 20, '25.05.2016', '5250.00'),
(866, 20, '26.05.2016', '5950.00'),
(867, 20, '27.05.2016', '5500.00'),
(868, 20, '28.05.2016', '6100.00'),
(869, 20, '29.05.2016', '5675.00'),
(870, 20, '30.05.2016', '5650.00'),
(871, 20, '31.05.2016', '5500.00'),
(872, 20, '01.06.2016', '6225.00'),
(873, 20, '02.06.2016', '5900.00'),
(874, 20, '03.06.2016', '5750.00'),
(875, 20, '04.06.2016', '5750.00'),
(876, 20, '05.06.2016', '5950.00'),
(877, 20, '06.06.2016', '6225.00'),
(878, 20, '07.06.2016', '5675.00'),
(879, 20, '08.06.2016', '5250.00'),
(880, 20, '09.06.2016', '6525.00'),
(881, 20, '10.06.2016', '6525.00'),
(882, 20, '11.06.2016', '5045.00'),
(883, 20, '12.06.2016', '5650.00'),
(884, 20, '13.06.2016', '6640.00'),
(885, 20, '14.06.2016', '5125.00'),
(886, 20, '15.06.2016', '5250.00'),
(887, 20, '16.06.2016', '5450.00'),
(888, 20, '17.06.2016', '6525.00'),
(889, 20, '18.06.2016', '6525.00'),
(890, 20, '19.06.2016', '5650.00'),
(891, 20, '20.06.2016', '7150.00'),
(892, 20, '21.06.2016', '5450.00'),
(893, 20, '22.06.2016', '5375.00'),
(894, 20, '23.06.2016', '5500.00'),
(895, 20, '24.06.2016', '5650.00'),
(896, 20, '25.06.2016', '5125.00'),
(897, 20, '26.06.2016', '5900.00'),
(898, 20, '27.06.2016', '5900.00'),
(899, 20, '28.06.2016', '5125.00'),
(900, 20, '29.06.2016', '5050.00'),
(901, 20, '30.06.2016', '5750.00'),
(902, 21, '09.05.2016', '5950.00'),
(903, 21, '10.05.2016', '5125.00'),
(904, 21, '11.05.2016', '6225.00'),
(905, 21, '12.05.2016', '5125.00'),
(906, 21, '13.05.2016', '7150.00'),
(907, 21, '14.05.2016', '5375.00'),
(908, 21, '15.05.2016', '5950.00'),
(909, 21, '16.05.2016', '5500.00'),
(910, 21, '17.05.2016', '6640.00'),
(911, 21, '18.05.2016', '5045.00'),
(912, 21, '19.05.2016', '6640.00'),
(913, 21, '20.05.2016', '5950.00'),
(914, 21, '21.05.2016', '7150.00'),
(915, 21, '22.05.2016', '5125.00'),
(916, 21, '23.05.2016', '5750.00'),
(917, 21, '24.05.2016', '5675.00'),
(918, 21, '25.05.2016', '5650.00'),
(919, 21, '26.05.2016', '5500.00'),
(920, 21, '27.05.2016', '7550.00'),
(921, 21, '28.05.2016', '7550.00'),
(922, 21, '29.05.2016', '6225.00'),
(923, 21, '30.05.2016', '5950.00'),
(924, 21, '31.05.2016', '6225.00'),
(925, 21, '01.06.2016', '5950.00'),
(926, 21, '02.06.2016', '5675.00'),
(927, 21, '03.06.2016', '5750.00'),
(928, 21, '04.06.2016', '5450.00'),
(929, 21, '05.06.2016', '5450.00'),
(930, 21, '06.06.2016', '7150.00'),
(931, 21, '07.06.2016', '7550.00'),
(932, 21, '08.06.2016', '5675.00'),
(933, 21, '09.06.2016', '5750.00'),
(934, 21, '10.06.2016', '5125.00'),
(935, 21, '11.06.2016', '6225.00'),
(936, 21, '12.06.2016', '5050.00'),
(937, 21, '13.06.2016', '7550.00'),
(938, 21, '14.06.2016', '6525.00'),
(939, 21, '15.06.2016', '5450.00'),
(940, 21, '16.06.2016', '5750.00'),
(941, 21, '17.06.2016', '5045.00'),
(942, 21, '18.06.2016', '5675.00'),
(943, 21, '19.06.2016', '5750.00'),
(944, 21, '20.06.2016', '6225.00'),
(945, 21, '21.06.2016', '6640.00'),
(946, 21, '22.06.2016', '5650.00'),
(947, 21, '23.06.2016', '5375.00'),
(948, 21, '24.06.2016', '5500.00'),
(949, 21, '25.06.2016', '7150.00'),
(950, 21, '26.06.2016', '5950.00'),
(951, 21, '27.06.2016', '5500.00'),
(952, 21, '28.06.2016', '7150.00'),
(953, 21, '29.06.2016', '5675.00'),
(954, 21, '30.06.2016', '5375.00'),
(955, 22, '09.05.2016', '6525.00'),
(956, 22, '10.05.2016', '5750.00'),
(957, 22, '11.05.2016', '7550.00'),
(958, 22, '12.05.2016', '5675.00'),
(959, 22, '13.05.2016', '7550.00'),
(960, 22, '14.05.2016', '5675.00'),
(961, 22, '15.05.2016', '5900.00'),
(962, 22, '16.05.2016', '5675.00'),
(963, 22, '17.05.2016', '6640.00'),
(964, 22, '18.05.2016', '7150.00'),
(965, 22, '19.05.2016', '5250.00'),
(966, 22, '20.05.2016', '6640.00'),
(967, 22, '21.05.2016', '5375.00'),
(968, 22, '22.05.2016', '5450.00'),
(969, 22, '23.05.2016', '6100.00'),
(970, 22, '24.05.2016', '5050.00'),
(971, 22, '25.05.2016', '5045.00'),
(972, 22, '26.05.2016', '6225.00'),
(973, 22, '27.05.2016', '5500.00'),
(974, 22, '28.05.2016', '5500.00'),
(975, 22, '29.05.2016', '7550.00'),
(976, 22, '30.05.2016', '5125.00'),
(977, 22, '31.05.2016', '5045.00'),
(978, 22, '01.06.2016', '5125.00'),
(979, 22, '02.06.2016', '5250.00'),
(980, 22, '03.06.2016', '5650.00'),
(981, 22, '04.06.2016', '5125.00'),
(982, 22, '05.06.2016', '5675.00'),
(983, 22, '06.06.2016', '5500.00'),
(984, 22, '07.06.2016', '5675.00'),
(985, 22, '08.06.2016', '5050.00'),
(986, 22, '09.06.2016', '6525.00'),
(987, 22, '10.06.2016', '7150.00'),
(988, 22, '11.06.2016', '5050.00'),
(989, 22, '12.06.2016', '6225.00'),
(990, 22, '13.06.2016', '5450.00'),
(991, 22, '14.06.2016', '5900.00'),
(992, 22, '15.06.2016', '5050.00'),
(993, 22, '16.06.2016', '5675.00'),
(994, 22, '17.06.2016', '5375.00'),
(995, 22, '18.06.2016', '5045.00'),
(996, 22, '19.06.2016', '5750.00'),
(997, 22, '20.06.2016', '5125.00'),
(998, 22, '21.06.2016', '7150.00'),
(999, 22, '22.06.2016', '5500.00'),
(1000, 22, '23.06.2016', '6100.00'),
(1001, 22, '24.06.2016', '5450.00'),
(1002, 22, '25.06.2016', '6525.00'),
(1003, 22, '26.06.2016', '5650.00'),
(1004, 22, '27.06.2016', '5375.00'),
(1005, 22, '28.06.2016', '5950.00'),
(1006, 22, '29.06.2016', '5050.00'),
(1007, 22, '30.06.2016', '5045.00'),
(1008, 23, '09.05.2016', '6640.00'),
(1009, 23, '10.05.2016', '7150.00'),
(1010, 23, '11.05.2016', '5650.00'),
(1011, 23, '12.05.2016', '5450.00'),
(1012, 23, '13.05.2016', '5450.00'),
(1013, 23, '14.05.2016', '7550.00'),
(1014, 23, '15.05.2016', '5500.00'),
(1015, 23, '16.05.2016', '5125.00'),
(1016, 23, '17.05.2016', '6100.00'),
(1017, 23, '18.05.2016', '5045.00'),
(1018, 23, '19.05.2016', '5450.00'),
(1019, 23, '20.05.2016', '5375.00'),
(1020, 23, '21.05.2016', '7550.00'),
(1021, 23, '22.05.2016', '5045.00'),
(1022, 23, '23.05.2016', '5125.00'),
(1023, 23, '24.05.2016', '6100.00'),
(1024, 23, '25.05.2016', '5900.00'),
(1025, 23, '26.05.2016', '7550.00'),
(1026, 23, '27.05.2016', '5045.00'),
(1027, 23, '28.05.2016', '5045.00'),
(1028, 23, '29.05.2016', '5375.00'),
(1029, 23, '30.05.2016', '5650.00'),
(1030, 23, '31.05.2016', '5050.00'),
(1031, 23, '01.06.2016', '5675.00'),
(1032, 23, '02.06.2016', '5650.00'),
(1033, 23, '03.06.2016', '5045.00'),
(1034, 23, '04.06.2016', '6225.00'),
(1035, 23, '05.06.2016', '7150.00'),
(1036, 23, '06.06.2016', '5045.00'),
(1037, 23, '07.06.2016', '5650.00'),
(1038, 23, '08.06.2016', '5500.00'),
(1039, 23, '09.06.2016', '5125.00'),
(1040, 23, '10.06.2016', '6525.00'),
(1041, 23, '11.06.2016', '6225.00'),
(1042, 23, '12.06.2016', '5450.00'),
(1043, 23, '13.06.2016', '5675.00'),
(1044, 23, '14.06.2016', '7150.00'),
(1045, 23, '15.06.2016', '5650.00'),
(1046, 23, '16.06.2016', '6225.00'),
(1047, 23, '17.06.2016', '5650.00'),
(1048, 23, '18.06.2016', '5450.00'),
(1049, 23, '19.06.2016', '5050.00'),
(1050, 23, '20.06.2016', '5750.00'),
(1051, 23, '21.06.2016', '5250.00'),
(1052, 23, '22.06.2016', '5750.00'),
(1053, 23, '23.06.2016', '7550.00'),
(1054, 23, '24.06.2016', '6525.00'),
(1055, 23, '25.06.2016', '5500.00'),
(1056, 23, '26.06.2016', '6100.00'),
(1057, 23, '27.06.2016', '5125.00'),
(1058, 23, '28.06.2016', '6525.00'),
(1059, 23, '29.06.2016', '6225.00'),
(1060, 23, '30.06.2016', '5900.00'),
(1061, 24, '09.05.2016', '5450.00'),
(1062, 24, '10.05.2016', '5125.00'),
(1063, 24, '11.05.2016', '5500.00'),
(1064, 24, '12.05.2016', '5250.00'),
(1065, 24, '13.05.2016', '6640.00'),
(1066, 24, '14.05.2016', '5900.00'),
(1067, 24, '15.05.2016', '6640.00'),
(1068, 24, '16.05.2016', '7550.00'),
(1069, 24, '17.05.2016', '5950.00'),
(1070, 24, '18.05.2016', '6525.00'),
(1071, 24, '19.05.2016', '5900.00'),
(1072, 24, '20.05.2016', '5950.00'),
(1073, 24, '21.05.2016', '6640.00'),
(1074, 24, '22.05.2016', '6525.00'),
(1075, 24, '23.05.2016', '5650.00'),
(1076, 24, '24.05.2016', '6225.00'),
(1077, 24, '25.05.2016', '5375.00'),
(1078, 24, '26.05.2016', '5675.00'),
(1079, 24, '27.05.2016', '5045.00'),
(1080, 24, '28.05.2016', '5650.00'),
(1081, 24, '29.05.2016', '5125.00'),
(1082, 24, '30.05.2016', '5050.00'),
(1083, 24, '31.05.2016', '5950.00'),
(1084, 24, '01.06.2016', '5500.00'),
(1085, 24, '02.06.2016', '5650.00'),
(1086, 24, '03.06.2016', '7550.00'),
(1087, 24, '04.06.2016', '5125.00'),
(1088, 24, '05.06.2016', '6640.00'),
(1089, 24, '06.06.2016', '5125.00'),
(1090, 24, '07.06.2016', '5950.00'),
(1091, 24, '08.06.2016', '6640.00'),
(1092, 24, '09.06.2016', '6640.00'),
(1093, 24, '10.06.2016', '5900.00'),
(1094, 24, '11.06.2016', '5045.00'),
(1095, 24, '12.06.2016', '5675.00'),
(1096, 24, '13.06.2016', '5375.00'),
(1097, 24, '14.06.2016', '7150.00'),
(1098, 24, '15.06.2016', '5675.00'),
(1099, 24, '16.06.2016', '5250.00'),
(1100, 24, '17.06.2016', '5250.00'),
(1101, 24, '18.06.2016', '5650.00'),
(1102, 24, '19.06.2016', '5675.00'),
(1103, 24, '20.06.2016', '6640.00'),
(1104, 24, '21.06.2016', '5450.00'),
(1105, 24, '22.06.2016', '5450.00'),
(1106, 24, '23.06.2016', '5125.00'),
(1107, 24, '24.06.2016', '5045.00'),
(1108, 24, '25.06.2016', '5675.00'),
(1109, 24, '26.06.2016', '5650.00'),
(1110, 24, '27.06.2016', '5250.00'),
(1111, 24, '28.06.2016', '5125.00'),
(1112, 24, '29.06.2016', '7150.00'),
(1113, 24, '30.06.2016', '7150.00'),
(1114, 25, '09.05.2016', '5045.00'),
(1115, 25, '10.05.2016', '5375.00'),
(1116, 25, '11.05.2016', '5125.00'),
(1117, 25, '12.05.2016', '6525.00'),
(1118, 25, '13.05.2016', '7550.00'),
(1119, 25, '14.05.2016', '5750.00'),
(1120, 25, '15.05.2016', '5675.00'),
(1121, 25, '16.05.2016', '5125.00'),
(1122, 25, '17.05.2016', '7550.00'),
(1123, 25, '18.05.2016', '6640.00'),
(1124, 25, '19.05.2016', '5450.00'),
(1125, 25, '20.05.2016', '5750.00'),
(1126, 25, '21.05.2016', '5750.00'),
(1127, 25, '22.05.2016', '5675.00'),
(1128, 25, '23.05.2016', '6225.00'),
(1129, 25, '24.05.2016', '5950.00'),
(1130, 25, '25.05.2016', '5450.00'),
(1131, 25, '26.05.2016', '5950.00'),
(1132, 25, '27.05.2016', '6225.00'),
(1133, 25, '28.05.2016', '5050.00'),
(1134, 25, '29.05.2016', '5450.00'),
(1135, 25, '30.05.2016', '5125.00'),
(1136, 25, '31.05.2016', '7550.00'),
(1137, 25, '01.06.2016', '5250.00'),
(1138, 25, '02.06.2016', '5650.00'),
(1139, 25, '03.06.2016', '5500.00'),
(1140, 25, '04.06.2016', '6525.00'),
(1141, 25, '05.06.2016', '5900.00'),
(1142, 25, '06.06.2016', '5450.00'),
(1143, 25, '07.06.2016', '7550.00'),
(1144, 25, '08.06.2016', '6225.00'),
(1145, 25, '09.06.2016', '5650.00'),
(1146, 25, '10.06.2016', '7550.00'),
(1147, 25, '11.06.2016', '7550.00'),
(1148, 25, '12.06.2016', '5500.00'),
(1149, 25, '13.06.2016', '5050.00'),
(1150, 25, '14.06.2016', '5500.00'),
(1151, 25, '15.06.2016', '6525.00'),
(1152, 25, '16.06.2016', '5250.00'),
(1153, 25, '17.06.2016', '5050.00'),
(1154, 25, '18.06.2016', '5900.00'),
(1155, 25, '19.06.2016', '5500.00'),
(1156, 25, '20.06.2016', '6640.00'),
(1157, 25, '21.06.2016', '7150.00'),
(1158, 25, '22.06.2016', '6225.00'),
(1159, 25, '23.06.2016', '5750.00'),
(1160, 25, '24.06.2016', '5650.00'),
(1161, 25, '25.06.2016', '6525.00'),
(1162, 25, '26.06.2016', '6100.00'),
(1163, 25, '27.06.2016', '6640.00'),
(1164, 25, '28.06.2016', '6100.00'),
(1165, 25, '29.06.2016', '5250.00'),
(1166, 25, '30.06.2016', '5050.00'),
(1167, 26, '09.05.2016', '7550.00'),
(1168, 26, '10.05.2016', '6225.00'),
(1169, 26, '11.05.2016', '5650.00'),
(1170, 26, '12.05.2016', '5375.00'),
(1171, 26, '13.05.2016', '5675.00'),
(1172, 26, '14.05.2016', '7150.00'),
(1173, 26, '15.05.2016', '5050.00'),
(1174, 26, '16.05.2016', '5650.00'),
(1175, 26, '17.05.2016', '5250.00'),
(1176, 26, '18.05.2016', '5650.00'),
(1177, 26, '19.05.2016', '5750.00'),
(1178, 26, '20.05.2016', '5125.00'),
(1179, 26, '21.05.2016', '6100.00'),
(1180, 26, '22.05.2016', '6225.00'),
(1181, 26, '23.05.2016', '6640.00'),
(1182, 26, '24.05.2016', '5675.00'),
(1183, 26, '25.05.2016', '7550.00'),
(1184, 26, '26.05.2016', '5450.00'),
(1185, 26, '27.05.2016', '6525.00'),
(1186, 26, '28.05.2016', '5450.00'),
(1187, 26, '29.05.2016', '5675.00'),
(1188, 26, '30.05.2016', '5045.00'),
(1189, 26, '31.05.2016', '5045.00'),
(1190, 26, '01.06.2016', '7550.00'),
(1191, 26, '02.06.2016', '6100.00'),
(1192, 26, '03.06.2016', '5750.00'),
(1193, 26, '04.06.2016', '5450.00'),
(1194, 26, '05.06.2016', '6640.00'),
(1195, 26, '06.06.2016', '6225.00'),
(1196, 26, '07.06.2016', '7150.00'),
(1197, 26, '08.06.2016', '6640.00'),
(1198, 26, '09.06.2016', '6100.00'),
(1199, 26, '10.06.2016', '5375.00'),
(1200, 26, '11.06.2016', '5450.00'),
(1201, 26, '12.06.2016', '5900.00'),
(1202, 26, '13.06.2016', '7550.00'),
(1203, 26, '14.06.2016', '5650.00'),
(1204, 26, '15.06.2016', '6525.00'),
(1205, 26, '16.06.2016', '5045.00'),
(1206, 26, '17.06.2016', '7150.00'),
(1207, 26, '18.06.2016', '5375.00'),
(1208, 26, '19.06.2016', '5900.00'),
(1209, 26, '20.06.2016', '7150.00'),
(1210, 26, '21.06.2016', '5950.00'),
(1211, 26, '22.06.2016', '5900.00'),
(1212, 26, '23.06.2016', '5950.00'),
(1213, 26, '24.06.2016', '5050.00'),
(1214, 26, '25.06.2016', '5750.00'),
(1215, 26, '26.06.2016', '5050.00'),
(1216, 26, '27.06.2016', '6225.00'),
(1217, 26, '28.06.2016', '5650.00'),
(1218, 26, '29.06.2016', '5375.00'),
(1219, 26, '30.06.2016', '6640.00'),
(1220, 27, '09.05.2016', '5125.00'),
(1221, 27, '10.05.2016', '5125.00'),
(1222, 27, '11.05.2016', '6640.00'),
(1223, 27, '12.05.2016', '7150.00'),
(1224, 27, '13.05.2016', '6100.00'),
(1225, 27, '14.05.2016', '5250.00'),
(1226, 27, '15.05.2016', '6525.00'),
(1227, 27, '16.05.2016', '5450.00'),
(1228, 27, '17.05.2016', '5675.00'),
(1229, 27, '18.05.2016', '5375.00'),
(1230, 27, '19.05.2016', '7150.00'),
(1231, 27, '20.05.2016', '5500.00'),
(1232, 27, '21.05.2016', '7150.00'),
(1233, 27, '22.05.2016', '5250.00'),
(1234, 27, '23.05.2016', '5650.00'),
(1235, 27, '24.05.2016', '5450.00'),
(1236, 27, '25.05.2016', '7150.00'),
(1237, 27, '26.05.2016', '5950.00'),
(1238, 27, '27.05.2016', '5500.00'),
(1239, 27, '28.05.2016', '5650.00'),
(1240, 27, '29.05.2016', '5050.00'),
(1241, 27, '30.05.2016', '5045.00'),
(1242, 27, '31.05.2016', '6225.00'),
(1243, 27, '01.06.2016', '5125.00'),
(1244, 27, '02.06.2016', '5950.00'),
(1245, 27, '03.06.2016', '7550.00'),
(1246, 27, '04.06.2016', '5950.00'),
(1247, 27, '05.06.2016', '5375.00'),
(1248, 27, '06.06.2016', '5125.00'),
(1249, 27, '07.06.2016', '5675.00'),
(1250, 27, '08.06.2016', '6100.00'),
(1251, 27, '09.06.2016', '5125.00'),
(1252, 27, '10.06.2016', '6640.00'),
(1253, 27, '11.06.2016', '5250.00'),
(1254, 27, '12.06.2016', '5050.00'),
(1255, 27, '13.06.2016', '5450.00'),
(1256, 27, '14.06.2016', '5045.00'),
(1257, 27, '15.06.2016', '6640.00'),
(1258, 27, '16.06.2016', '5675.00'),
(1259, 27, '17.06.2016', '5900.00'),
(1260, 27, '18.06.2016', '6525.00'),
(1261, 27, '19.06.2016', '5950.00'),
(1262, 27, '20.06.2016', '6640.00'),
(1263, 27, '21.06.2016', '5450.00'),
(1264, 27, '22.06.2016', '6225.00'),
(1265, 27, '23.06.2016', '7550.00'),
(1266, 27, '24.06.2016', '6525.00'),
(1267, 27, '25.06.2016', '5750.00'),
(1268, 27, '26.06.2016', '5675.00'),
(1269, 27, '27.06.2016', '5950.00'),
(1270, 27, '28.06.2016', '5125.00'),
(1271, 27, '29.06.2016', '5750.00'),
(1272, 27, '30.06.2016', '7550.00'),
(1273, 28, '09.05.2016', '5650.00'),
(1274, 28, '10.05.2016', '5050.00'),
(1275, 28, '11.05.2016', '5500.00'),
(1276, 28, '12.05.2016', '5450.00'),
(1277, 28, '13.05.2016', '5675.00'),
(1278, 28, '14.05.2016', '5900.00'),
(1279, 28, '15.05.2016', '5500.00'),
(1280, 28, '16.05.2016', '5050.00'),
(1281, 28, '17.05.2016', '5375.00'),
(1282, 28, '18.05.2016', '5675.00'),
(1283, 28, '19.05.2016', '5050.00'),
(1284, 28, '20.05.2016', '5750.00'),
(1285, 28, '21.05.2016', '5375.00'),
(1286, 28, '22.05.2016', '5500.00'),
(1287, 28, '23.05.2016', '6640.00'),
(1288, 28, '24.05.2016', '5675.00'),
(1289, 28, '25.05.2016', '7550.00'),
(1290, 28, '26.05.2016', '7550.00'),
(1291, 28, '27.05.2016', '6225.00'),
(1292, 28, '28.05.2016', '6225.00'),
(1293, 28, '29.05.2016', '5500.00'),
(1294, 28, '30.05.2016', '5050.00'),
(1295, 28, '31.05.2016', '5250.00'),
(1296, 28, '01.06.2016', '5950.00'),
(1297, 28, '02.06.2016', '5450.00'),
(1298, 28, '03.06.2016', '5650.00'),
(1299, 28, '04.06.2016', '5500.00'),
(1300, 28, '05.06.2016', '6100.00'),
(1301, 28, '06.06.2016', '5650.00'),
(1302, 28, '07.06.2016', '6640.00'),
(1303, 28, '08.06.2016', '5125.00'),
(1304, 28, '09.06.2016', '6525.00'),
(1305, 28, '10.06.2016', '5650.00'),
(1306, 28, '11.06.2016', '5250.00'),
(1307, 28, '12.06.2016', '6525.00'),
(1308, 28, '13.06.2016', '5750.00'),
(1309, 28, '14.06.2016', '5250.00'),
(1310, 28, '15.06.2016', '7550.00'),
(1311, 28, '16.06.2016', '6100.00'),
(1312, 28, '17.06.2016', '5675.00'),
(1313, 28, '18.06.2016', '6640.00'),
(1314, 28, '19.06.2016', '7550.00'),
(1315, 28, '20.06.2016', '5675.00'),
(1316, 28, '21.06.2016', '6100.00'),
(1317, 28, '22.06.2016', '6225.00'),
(1318, 28, '23.06.2016', '5045.00'),
(1319, 28, '24.06.2016', '5045.00'),
(1320, 28, '25.06.2016', '5750.00'),
(1321, 28, '26.06.2016', '7150.00'),
(1322, 28, '27.06.2016', '5125.00'),
(1323, 28, '28.06.2016', '5650.00'),
(1324, 28, '29.06.2016', '7150.00'),
(1325, 28, '30.06.2016', '5650.00'),
(1326, 29, '09.05.2016', '5250.00'),
(1327, 29, '10.05.2016', '6225.00'),
(1328, 29, '11.05.2016', '6640.00'),
(1329, 29, '12.05.2016', '5045.00'),
(1330, 29, '13.05.2016', '6525.00'),
(1331, 29, '14.05.2016', '5950.00'),
(1332, 29, '15.05.2016', '6100.00'),
(1333, 29, '16.05.2016', '5050.00'),
(1334, 29, '17.05.2016', '5375.00'),
(1335, 29, '18.05.2016', '5450.00'),
(1336, 29, '19.05.2016', '5050.00'),
(1337, 29, '20.05.2016', '5250.00'),
(1338, 29, '21.05.2016', '5375.00'),
(1339, 29, '22.05.2016', '5250.00'),
(1340, 29, '23.05.2016', '5950.00'),
(1341, 29, '24.05.2016', '5045.00'),
(1342, 29, '25.05.2016', '5125.00'),
(1343, 29, '26.05.2016', '5650.00'),
(1344, 29, '27.05.2016', '5675.00'),
(1345, 29, '28.05.2016', '6225.00'),
(1346, 29, '29.05.2016', '6225.00'),
(1347, 29, '30.05.2016', '6100.00'),
(1348, 29, '31.05.2016', '5650.00'),
(1349, 29, '01.06.2016', '7550.00'),
(1350, 29, '02.06.2016', '6225.00'),
(1351, 29, '03.06.2016', '5375.00'),
(1352, 29, '04.06.2016', '6525.00'),
(1353, 29, '05.06.2016', '5050.00'),
(1354, 29, '06.06.2016', '5500.00'),
(1355, 29, '07.06.2016', '7550.00'),
(1356, 29, '08.06.2016', '5375.00'),
(1357, 29, '09.06.2016', '5375.00'),
(1358, 29, '10.06.2016', '5125.00'),
(1359, 29, '11.06.2016', '5650.00'),
(1360, 29, '12.06.2016', '6525.00'),
(1361, 29, '13.06.2016', '6525.00'),
(1362, 29, '14.06.2016', '5650.00'),
(1363, 29, '15.06.2016', '5900.00'),
(1364, 29, '16.06.2016', '5750.00'),
(1365, 29, '17.06.2016', '6640.00'),
(1366, 29, '18.06.2016', '6525.00'),
(1367, 29, '19.06.2016', '5500.00'),
(1368, 29, '20.06.2016', '5125.00'),
(1369, 29, '21.06.2016', '5900.00'),
(1370, 29, '22.06.2016', '5675.00'),
(1371, 29, '23.06.2016', '6100.00'),
(1372, 29, '24.06.2016', '5650.00'),
(1373, 29, '25.06.2016', '5750.00'),
(1374, 29, '26.06.2016', '5250.00'),
(1375, 29, '27.06.2016', '5125.00'),
(1376, 29, '28.06.2016', '6100.00'),
(1377, 29, '29.06.2016', '5250.00'),
(1378, 29, '30.06.2016', '7550.00'),
(1379, 30, '09.05.2016', '6525.00'),
(1380, 30, '10.05.2016', '6640.00'),
(1381, 30, '11.05.2016', '6525.00'),
(1382, 30, '12.05.2016', '5250.00'),
(1383, 30, '13.05.2016', '6525.00'),
(1384, 30, '14.05.2016', '5125.00'),
(1385, 30, '15.05.2016', '6100.00'),
(1386, 30, '16.05.2016', '6640.00'),
(1387, 30, '17.05.2016', '5500.00'),
(1388, 30, '18.05.2016', '7550.00'),
(1389, 30, '19.05.2016', '5750.00'),
(1390, 30, '20.05.2016', '5125.00'),
(1391, 30, '21.05.2016', '6100.00'),
(1392, 30, '22.05.2016', '5125.00'),
(1393, 30, '23.05.2016', '5045.00'),
(1394, 30, '24.05.2016', '7150.00'),
(1395, 30, '25.05.2016', '7550.00'),
(1396, 30, '26.05.2016', '5045.00'),
(1397, 30, '27.05.2016', '5950.00'),
(1398, 30, '28.05.2016', '5675.00'),
(1399, 30, '29.05.2016', '6525.00'),
(1400, 30, '30.05.2016', '5500.00'),
(1401, 30, '31.05.2016', '6225.00'),
(1402, 30, '01.06.2016', '5375.00'),
(1403, 30, '02.06.2016', '5750.00'),
(1404, 30, '03.06.2016', '5950.00'),
(1405, 30, '04.06.2016', '5375.00'),
(1406, 30, '05.06.2016', '5450.00'),
(1407, 30, '06.06.2016', '5050.00'),
(1408, 30, '07.06.2016', '6100.00'),
(1409, 30, '08.06.2016', '7550.00'),
(1410, 30, '09.06.2016', '5900.00'),
(1411, 30, '10.06.2016', '6100.00'),
(1412, 30, '11.06.2016', '6100.00'),
(1413, 30, '12.06.2016', '6225.00'),
(1414, 30, '13.06.2016', '5250.00'),
(1415, 30, '14.06.2016', '5500.00'),
(1416, 30, '15.06.2016', '5045.00'),
(1417, 30, '16.06.2016', '5050.00'),
(1418, 30, '17.06.2016', '5650.00'),
(1419, 30, '18.06.2016', '5675.00'),
(1420, 30, '19.06.2016', '5250.00'),
(1421, 30, '20.06.2016', '5675.00'),
(1422, 30, '21.06.2016', '7550.00'),
(1423, 30, '22.06.2016', '5500.00'),
(1424, 30, '23.06.2016', '7550.00'),
(1425, 30, '24.06.2016', '6525.00'),
(1426, 30, '25.06.2016', '5750.00'),
(1427, 30, '26.06.2016', '5050.00'),
(1428, 30, '27.06.2016', '5950.00'),
(1429, 30, '28.06.2016', '5375.00'),
(1430, 30, '29.06.2016', '6525.00'),
(1431, 30, '30.06.2016', '5675.00'),
(1432, 31, '09.05.2016', '7550.00'),
(1433, 31, '10.05.2016', '6640.00'),
(1434, 31, '11.05.2016', '5450.00'),
(1435, 31, '12.05.2016', '5675.00'),
(1436, 31, '13.05.2016', '7550.00'),
(1437, 31, '14.05.2016', '5375.00'),
(1438, 31, '15.05.2016', '5950.00'),
(1439, 31, '16.05.2016', '5950.00'),
(1440, 31, '17.05.2016', '5250.00'),
(1441, 31, '18.05.2016', '7150.00'),
(1442, 31, '19.05.2016', '6525.00'),
(1443, 31, '20.05.2016', '5675.00'),
(1444, 31, '21.05.2016', '7550.00'),
(1445, 31, '22.05.2016', '5900.00'),
(1446, 31, '23.05.2016', '5650.00'),
(1447, 31, '24.05.2016', '5450.00'),
(1448, 31, '25.05.2016', '5050.00'),
(1449, 31, '26.05.2016', '7150.00'),
(1450, 31, '27.05.2016', '5050.00'),
(1451, 31, '28.05.2016', '5050.00'),
(1452, 31, '29.05.2016', '5500.00'),
(1453, 31, '30.05.2016', '5450.00'),
(1454, 31, '31.05.2016', '7150.00'),
(1455, 31, '01.06.2016', '5125.00'),
(1456, 31, '02.06.2016', '6225.00'),
(1457, 31, '03.06.2016', '5125.00'),
(1458, 31, '04.06.2016', '5050.00'),
(1459, 31, '05.06.2016', '5675.00'),
(1460, 31, '06.06.2016', '5750.00'),
(1461, 31, '07.06.2016', '5250.00'),
(1462, 31, '08.06.2016', '6100.00'),
(1463, 31, '09.06.2016', '5500.00'),
(1464, 31, '10.06.2016', '5125.00'),
(1465, 31, '11.06.2016', '6525.00'),
(1466, 31, '12.06.2016', '7150.00'),
(1467, 31, '13.06.2016', '5250.00');
INSERT INTO `prices` (`id`, `hotel_id`, `ondate`, `price`) VALUES
(1468, 31, '14.06.2016', '6100.00'),
(1469, 31, '15.06.2016', '5125.00'),
(1470, 31, '16.06.2016', '5675.00'),
(1471, 31, '17.06.2016', '5500.00'),
(1472, 31, '18.06.2016', '6100.00'),
(1473, 31, '19.06.2016', '5050.00'),
(1474, 31, '20.06.2016', '5125.00'),
(1475, 31, '21.06.2016', '5375.00'),
(1476, 31, '22.06.2016', '6100.00'),
(1477, 31, '23.06.2016', '5750.00'),
(1478, 31, '24.06.2016', '5900.00'),
(1479, 31, '25.06.2016', '5675.00'),
(1480, 31, '26.06.2016', '5900.00'),
(1481, 31, '27.06.2016', '5375.00'),
(1482, 31, '28.06.2016', '6100.00'),
(1483, 31, '29.06.2016', '5125.00'),
(1484, 31, '30.06.2016', '6640.00'),
(1485, 32, '09.05.2016', '5750.00'),
(1486, 32, '10.05.2016', '5900.00'),
(1487, 32, '11.05.2016', '5950.00'),
(1488, 32, '12.05.2016', '5375.00'),
(1489, 32, '13.05.2016', '5900.00'),
(1490, 32, '14.05.2016', '6640.00'),
(1491, 32, '15.05.2016', '6525.00'),
(1492, 32, '16.05.2016', '5450.00'),
(1493, 32, '17.05.2016', '5125.00'),
(1494, 32, '18.05.2016', '7550.00'),
(1495, 32, '19.05.2016', '5450.00'),
(1496, 32, '20.05.2016', '5500.00'),
(1497, 32, '21.05.2016', '5500.00'),
(1498, 32, '22.05.2016', '5500.00'),
(1499, 32, '23.05.2016', '5125.00'),
(1500, 32, '24.05.2016', '6640.00'),
(1501, 32, '25.05.2016', '5500.00'),
(1502, 32, '26.05.2016', '5045.00'),
(1503, 32, '27.05.2016', '5450.00'),
(1504, 32, '28.05.2016', '6100.00'),
(1505, 32, '29.05.2016', '7550.00'),
(1506, 32, '30.05.2016', '5125.00'),
(1507, 32, '31.05.2016', '5750.00'),
(1508, 32, '01.06.2016', '5050.00'),
(1509, 32, '02.06.2016', '5250.00'),
(1510, 32, '03.06.2016', '5750.00'),
(1511, 32, '04.06.2016', '6225.00'),
(1512, 32, '05.06.2016', '5900.00'),
(1513, 32, '06.06.2016', '5375.00'),
(1514, 32, '07.06.2016', '5375.00'),
(1515, 32, '08.06.2016', '5900.00'),
(1516, 32, '09.06.2016', '5050.00'),
(1517, 32, '10.06.2016', '6640.00'),
(1518, 32, '11.06.2016', '6525.00'),
(1519, 32, '12.06.2016', '5125.00'),
(1520, 32, '13.06.2016', '5250.00'),
(1521, 32, '14.06.2016', '6225.00'),
(1522, 32, '15.06.2016', '5950.00'),
(1523, 32, '16.06.2016', '5250.00'),
(1524, 32, '17.06.2016', '6525.00'),
(1525, 32, '18.06.2016', '6225.00'),
(1526, 32, '19.06.2016', '5900.00'),
(1527, 32, '20.06.2016', '5375.00'),
(1528, 32, '21.06.2016', '6225.00'),
(1529, 32, '22.06.2016', '6525.00'),
(1530, 32, '23.06.2016', '5950.00'),
(1531, 32, '24.06.2016', '7150.00'),
(1532, 32, '25.06.2016', '7550.00'),
(1533, 32, '26.06.2016', '5650.00'),
(1534, 32, '27.06.2016', '7150.00'),
(1535, 32, '28.06.2016', '6640.00'),
(1536, 32, '29.06.2016', '5675.00'),
(1537, 32, '30.06.2016', '5125.00'),
(1538, 33, '09.05.2016', '5375.00'),
(1539, 33, '10.05.2016', '5500.00'),
(1540, 33, '11.05.2016', '5500.00'),
(1541, 33, '12.05.2016', '6225.00'),
(1542, 33, '13.05.2016', '7550.00'),
(1543, 33, '14.05.2016', '5375.00'),
(1544, 33, '15.05.2016', '7150.00'),
(1545, 33, '16.05.2016', '5125.00'),
(1546, 33, '17.05.2016', '5125.00'),
(1547, 33, '18.05.2016', '7150.00'),
(1548, 33, '19.05.2016', '6100.00'),
(1549, 33, '20.05.2016', '5045.00'),
(1550, 33, '21.05.2016', '5900.00'),
(1551, 33, '22.05.2016', '5675.00'),
(1552, 33, '23.05.2016', '6225.00'),
(1553, 33, '24.05.2016', '6100.00'),
(1554, 33, '25.05.2016', '5500.00'),
(1555, 33, '26.05.2016', '6640.00'),
(1556, 33, '27.05.2016', '6100.00'),
(1557, 33, '28.05.2016', '6100.00'),
(1558, 33, '29.05.2016', '6525.00'),
(1559, 33, '30.05.2016', '6525.00'),
(1560, 33, '31.05.2016', '5045.00'),
(1561, 33, '01.06.2016', '6100.00'),
(1562, 33, '02.06.2016', '5650.00'),
(1563, 33, '03.06.2016', '5500.00'),
(1564, 33, '04.06.2016', '5050.00'),
(1565, 33, '05.06.2016', '6640.00'),
(1566, 33, '06.06.2016', '7550.00'),
(1567, 33, '07.06.2016', '6640.00'),
(1568, 33, '08.06.2016', '5675.00'),
(1569, 33, '09.06.2016', '5045.00'),
(1570, 33, '10.06.2016', '6525.00'),
(1571, 33, '11.06.2016', '5950.00'),
(1572, 33, '12.06.2016', '5900.00'),
(1573, 33, '13.06.2016', '5125.00'),
(1574, 33, '14.06.2016', '5900.00'),
(1575, 33, '15.06.2016', '5950.00'),
(1576, 33, '16.06.2016', '6525.00'),
(1577, 33, '17.06.2016', '5675.00'),
(1578, 33, '18.06.2016', '6100.00'),
(1579, 33, '19.06.2016', '5250.00'),
(1580, 33, '20.06.2016', '7550.00'),
(1581, 33, '21.06.2016', '5450.00'),
(1582, 33, '22.06.2016', '6225.00'),
(1583, 33, '23.06.2016', '5650.00'),
(1584, 33, '24.06.2016', '5500.00'),
(1585, 33, '25.06.2016', '7150.00'),
(1586, 33, '26.06.2016', '7550.00'),
(1587, 33, '27.06.2016', '5050.00'),
(1588, 33, '28.06.2016', '7550.00'),
(1589, 33, '29.06.2016', '5500.00'),
(1590, 33, '30.06.2016', '5450.00'),
(1591, 34, '09.05.2016', '6100.00'),
(1592, 34, '10.05.2016', '5450.00'),
(1593, 34, '11.05.2016', '5500.00'),
(1594, 34, '12.05.2016', '5250.00'),
(1595, 34, '13.05.2016', '5900.00'),
(1596, 34, '14.05.2016', '6525.00'),
(1597, 34, '15.05.2016', '5045.00'),
(1598, 34, '16.05.2016', '5375.00'),
(1599, 34, '17.05.2016', '7550.00'),
(1600, 34, '18.05.2016', '5900.00'),
(1601, 34, '19.05.2016', '6640.00'),
(1602, 34, '20.05.2016', '5050.00'),
(1603, 34, '21.05.2016', '5050.00'),
(1604, 34, '22.05.2016', '7150.00'),
(1605, 34, '23.05.2016', '6100.00'),
(1606, 34, '24.05.2016', '5045.00'),
(1607, 34, '25.05.2016', '5650.00'),
(1608, 34, '26.05.2016', '5950.00'),
(1609, 34, '27.05.2016', '5675.00'),
(1610, 34, '28.05.2016', '5950.00'),
(1611, 34, '29.05.2016', '7150.00'),
(1612, 34, '30.05.2016', '5125.00'),
(1613, 34, '31.05.2016', '5450.00'),
(1614, 34, '01.06.2016', '5500.00'),
(1615, 34, '02.06.2016', '5500.00'),
(1616, 34, '03.06.2016', '5500.00'),
(1617, 34, '04.06.2016', '5045.00'),
(1618, 34, '05.06.2016', '5750.00'),
(1619, 34, '06.06.2016', '5500.00'),
(1620, 34, '07.06.2016', '5650.00'),
(1621, 34, '08.06.2016', '6640.00'),
(1622, 34, '09.06.2016', '5125.00'),
(1623, 34, '10.06.2016', '5650.00'),
(1624, 34, '11.06.2016', '5045.00'),
(1625, 34, '12.06.2016', '5650.00'),
(1626, 34, '13.06.2016', '7550.00'),
(1627, 34, '14.06.2016', '6525.00'),
(1628, 34, '15.06.2016', '7150.00'),
(1629, 34, '16.06.2016', '6640.00'),
(1630, 34, '17.06.2016', '6225.00'),
(1631, 34, '18.06.2016', '6100.00'),
(1632, 34, '19.06.2016', '5250.00'),
(1633, 34, '20.06.2016', '5125.00'),
(1634, 34, '21.06.2016', '5950.00'),
(1635, 34, '22.06.2016', '7150.00'),
(1636, 34, '23.06.2016', '7150.00'),
(1637, 34, '24.06.2016', '5950.00'),
(1638, 34, '25.06.2016', '5450.00'),
(1639, 34, '26.06.2016', '7550.00'),
(1640, 34, '27.06.2016', '7150.00'),
(1641, 34, '28.06.2016', '5500.00'),
(1642, 34, '29.06.2016', '5650.00'),
(1643, 34, '30.06.2016', '5375.00'),
(1644, 35, '09.05.2016', '6100.00'),
(1645, 35, '10.05.2016', '5450.00'),
(1646, 35, '11.05.2016', '5750.00'),
(1647, 35, '12.05.2016', '7150.00'),
(1648, 35, '13.05.2016', '7550.00'),
(1649, 35, '14.05.2016', '5250.00'),
(1650, 35, '15.05.2016', '7550.00'),
(1651, 35, '16.05.2016', '5900.00'),
(1652, 35, '17.05.2016', '5950.00'),
(1653, 35, '18.05.2016', '5450.00'),
(1654, 35, '19.05.2016', '5375.00'),
(1655, 35, '20.05.2016', '7550.00'),
(1656, 35, '21.05.2016', '5250.00'),
(1657, 35, '22.05.2016', '5675.00'),
(1658, 35, '23.05.2016', '5500.00'),
(1659, 35, '24.05.2016', '5125.00'),
(1660, 35, '25.05.2016', '5500.00'),
(1661, 35, '26.05.2016', '5650.00'),
(1662, 35, '27.05.2016', '5050.00'),
(1663, 35, '28.05.2016', '6225.00'),
(1664, 35, '29.05.2016', '6100.00'),
(1665, 35, '30.05.2016', '5950.00'),
(1666, 35, '31.05.2016', '5450.00'),
(1667, 35, '01.06.2016', '5450.00'),
(1668, 35, '02.06.2016', '6225.00'),
(1669, 35, '03.06.2016', '6225.00'),
(1670, 35, '04.06.2016', '7150.00'),
(1671, 35, '05.06.2016', '5250.00'),
(1672, 35, '06.06.2016', '5500.00'),
(1673, 35, '07.06.2016', '5375.00'),
(1674, 35, '08.06.2016', '7550.00'),
(1675, 35, '09.06.2016', '5900.00'),
(1676, 35, '10.06.2016', '5675.00'),
(1677, 35, '11.06.2016', '5950.00'),
(1678, 35, '12.06.2016', '5045.00'),
(1679, 35, '13.06.2016', '5050.00'),
(1680, 35, '14.06.2016', '5900.00'),
(1681, 35, '15.06.2016', '5675.00'),
(1682, 35, '16.06.2016', '5650.00'),
(1683, 35, '17.06.2016', '7150.00'),
(1684, 35, '18.06.2016', '5125.00'),
(1685, 35, '19.06.2016', '6640.00'),
(1686, 35, '20.06.2016', '5375.00'),
(1687, 35, '21.06.2016', '6525.00'),
(1688, 35, '22.06.2016', '6100.00'),
(1689, 35, '23.06.2016', '6525.00'),
(1690, 35, '24.06.2016', '5450.00'),
(1691, 35, '25.06.2016', '5900.00'),
(1692, 35, '26.06.2016', '6525.00'),
(1693, 35, '27.06.2016', '5125.00'),
(1694, 35, '28.06.2016', '6640.00'),
(1695, 35, '29.06.2016', '5125.00'),
(1696, 35, '30.06.2016', '7550.00'),
(1697, 36, '09.05.2016', '5450.00'),
(1698, 36, '10.05.2016', '5950.00'),
(1699, 36, '11.05.2016', '5375.00'),
(1700, 36, '12.05.2016', '6525.00'),
(1701, 36, '13.05.2016', '5500.00'),
(1702, 36, '14.05.2016', '7550.00'),
(1703, 36, '15.05.2016', '6225.00'),
(1704, 36, '16.05.2016', '5650.00'),
(1705, 36, '17.05.2016', '6225.00'),
(1706, 36, '18.05.2016', '5500.00'),
(1707, 36, '19.05.2016', '5125.00'),
(1708, 36, '20.05.2016', '5500.00'),
(1709, 36, '21.05.2016', '7150.00'),
(1710, 36, '22.05.2016', '5650.00'),
(1711, 36, '23.05.2016', '5050.00'),
(1712, 36, '24.05.2016', '5250.00'),
(1713, 36, '25.05.2016', '6525.00'),
(1714, 36, '26.05.2016', '5045.00'),
(1715, 36, '27.05.2016', '5650.00'),
(1716, 36, '28.05.2016', '5750.00'),
(1717, 36, '29.05.2016', '6100.00'),
(1718, 36, '30.05.2016', '7550.00'),
(1719, 36, '31.05.2016', '6225.00'),
(1720, 36, '01.06.2016', '5650.00'),
(1721, 36, '02.06.2016', '5750.00'),
(1722, 36, '03.06.2016', '6640.00'),
(1723, 36, '04.06.2016', '5050.00'),
(1724, 36, '05.06.2016', '6640.00'),
(1725, 36, '06.06.2016', '5050.00'),
(1726, 36, '07.06.2016', '7550.00'),
(1727, 36, '08.06.2016', '6525.00'),
(1728, 36, '09.06.2016', '5675.00'),
(1729, 36, '10.06.2016', '5675.00'),
(1730, 36, '11.06.2016', '6640.00'),
(1731, 36, '12.06.2016', '5750.00'),
(1732, 36, '13.06.2016', '5375.00'),
(1733, 36, '14.06.2016', '5050.00'),
(1734, 36, '15.06.2016', '5045.00'),
(1735, 36, '16.06.2016', '5650.00'),
(1736, 36, '17.06.2016', '5900.00'),
(1737, 36, '18.06.2016', '5050.00'),
(1738, 36, '19.06.2016', '6640.00'),
(1739, 36, '20.06.2016', '5375.00'),
(1740, 36, '21.06.2016', '5045.00'),
(1741, 36, '22.06.2016', '6100.00'),
(1742, 36, '23.06.2016', '7150.00'),
(1743, 36, '24.06.2016', '5500.00'),
(1744, 36, '25.06.2016', '5050.00'),
(1745, 36, '26.06.2016', '5050.00'),
(1746, 36, '27.06.2016', '6100.00'),
(1747, 36, '28.06.2016', '5250.00'),
(1748, 36, '29.06.2016', '5050.00'),
(1749, 36, '30.06.2016', '6100.00'),
(1750, 37, '09.05.2016', '5250.00'),
(1751, 37, '10.05.2016', '5500.00'),
(1752, 37, '11.05.2016', '5375.00'),
(1753, 37, '12.05.2016', '7550.00'),
(1754, 37, '13.05.2016', '5250.00'),
(1755, 37, '14.05.2016', '5950.00'),
(1756, 37, '15.05.2016', '5375.00'),
(1757, 37, '16.05.2016', '6640.00'),
(1758, 37, '17.05.2016', '5125.00'),
(1759, 37, '18.05.2016', '5750.00'),
(1760, 37, '19.05.2016', '6640.00'),
(1761, 37, '20.05.2016', '7150.00'),
(1762, 37, '21.05.2016', '5125.00'),
(1763, 37, '22.05.2016', '5375.00'),
(1764, 37, '23.05.2016', '5950.00'),
(1765, 37, '24.05.2016', '5450.00'),
(1766, 37, '25.05.2016', '7550.00'),
(1767, 37, '26.05.2016', '5125.00'),
(1768, 37, '27.05.2016', '6640.00'),
(1769, 37, '28.05.2016', '5750.00'),
(1770, 37, '29.05.2016', '6640.00'),
(1771, 37, '30.05.2016', '7550.00'),
(1772, 37, '31.05.2016', '6525.00'),
(1773, 37, '01.06.2016', '5675.00'),
(1774, 37, '02.06.2016', '6525.00'),
(1775, 37, '03.06.2016', '7550.00'),
(1776, 37, '04.06.2016', '5750.00'),
(1777, 37, '05.06.2016', '5675.00'),
(1778, 37, '06.06.2016', '5950.00'),
(1779, 37, '07.06.2016', '5950.00'),
(1780, 37, '08.06.2016', '5500.00'),
(1781, 37, '09.06.2016', '5750.00'),
(1782, 37, '10.06.2016', '5045.00'),
(1783, 37, '11.06.2016', '6100.00'),
(1784, 37, '12.06.2016', '5250.00'),
(1785, 37, '13.06.2016', '5900.00'),
(1786, 37, '14.06.2016', '6100.00'),
(1787, 37, '15.06.2016', '5650.00'),
(1788, 37, '16.06.2016', '5675.00'),
(1789, 37, '17.06.2016', '5675.00'),
(1790, 37, '18.06.2016', '5045.00'),
(1791, 37, '19.06.2016', '7150.00'),
(1792, 37, '20.06.2016', '6100.00'),
(1793, 37, '21.06.2016', '5050.00'),
(1794, 37, '22.06.2016', '6525.00'),
(1795, 37, '23.06.2016', '5650.00'),
(1796, 37, '24.06.2016', '5450.00'),
(1797, 37, '25.06.2016', '5125.00'),
(1798, 37, '26.06.2016', '5675.00'),
(1799, 37, '27.06.2016', '5450.00'),
(1800, 37, '28.06.2016', '5250.00'),
(1801, 37, '29.06.2016', '6225.00'),
(1802, 37, '30.06.2016', '5750.00'),
(1803, 38, '09.05.2016', '5900.00'),
(1804, 38, '10.05.2016', '6525.00'),
(1805, 38, '11.05.2016', '7150.00'),
(1806, 38, '12.05.2016', '6640.00'),
(1807, 38, '13.05.2016', '5950.00'),
(1808, 38, '14.05.2016', '5650.00'),
(1809, 38, '15.05.2016', '5675.00'),
(1810, 38, '16.05.2016', '5125.00'),
(1811, 38, '17.05.2016', '5375.00'),
(1812, 38, '18.05.2016', '5045.00'),
(1813, 38, '19.05.2016', '7550.00'),
(1814, 38, '20.05.2016', '5500.00'),
(1815, 38, '21.05.2016', '7150.00'),
(1816, 38, '22.05.2016', '7550.00'),
(1817, 38, '23.05.2016', '5950.00'),
(1818, 38, '24.05.2016', '5900.00'),
(1819, 38, '25.05.2016', '6225.00'),
(1820, 38, '26.05.2016', '5045.00'),
(1821, 38, '27.05.2016', '5900.00'),
(1822, 38, '28.05.2016', '7150.00'),
(1823, 38, '29.05.2016', '6100.00'),
(1824, 38, '30.05.2016', '7550.00'),
(1825, 38, '31.05.2016', '5650.00'),
(1826, 38, '01.06.2016', '5450.00'),
(1827, 38, '02.06.2016', '6100.00'),
(1828, 38, '03.06.2016', '5650.00'),
(1829, 38, '04.06.2016', '5450.00'),
(1830, 38, '05.06.2016', '5125.00'),
(1831, 38, '06.06.2016', '5045.00'),
(1832, 38, '07.06.2016', '5900.00'),
(1833, 38, '08.06.2016', '5675.00'),
(1834, 38, '09.06.2016', '6100.00'),
(1835, 38, '10.06.2016', '5675.00'),
(1836, 38, '11.06.2016', '5900.00'),
(1837, 38, '12.06.2016', '6225.00'),
(1838, 38, '13.06.2016', '6100.00'),
(1839, 38, '14.06.2016', '5045.00'),
(1840, 38, '15.06.2016', '7550.00'),
(1841, 38, '16.06.2016', '6640.00'),
(1842, 38, '17.06.2016', '5375.00'),
(1843, 38, '18.06.2016', '7150.00'),
(1844, 38, '19.06.2016', '5750.00'),
(1845, 38, '20.06.2016', '5950.00'),
(1846, 38, '21.06.2016', '5900.00'),
(1847, 38, '22.06.2016', '6640.00'),
(1848, 38, '23.06.2016', '7550.00'),
(1849, 38, '24.06.2016', '5045.00'),
(1850, 38, '25.06.2016', '5050.00'),
(1851, 38, '26.06.2016', '6525.00'),
(1852, 38, '27.06.2016', '5125.00'),
(1853, 38, '28.06.2016', '7550.00'),
(1854, 38, '29.06.2016', '6525.00'),
(1855, 38, '30.06.2016', '5250.00'),
(1856, 39, '09.05.2016', '5125.00'),
(1857, 39, '10.05.2016', '5900.00'),
(1858, 39, '11.05.2016', '5950.00'),
(1859, 39, '12.05.2016', '5050.00'),
(1860, 39, '13.05.2016', '5500.00'),
(1861, 39, '14.05.2016', '5900.00'),
(1862, 39, '15.05.2016', '5250.00'),
(1863, 39, '16.05.2016', '6525.00'),
(1864, 39, '17.05.2016', '7550.00'),
(1865, 39, '18.05.2016', '5750.00'),
(1866, 39, '19.05.2016', '5500.00'),
(1867, 39, '20.05.2016', '5750.00'),
(1868, 39, '21.05.2016', '5045.00'),
(1869, 39, '22.05.2016', '5045.00'),
(1870, 39, '23.05.2016', '5375.00'),
(1871, 39, '24.05.2016', '5125.00'),
(1872, 39, '25.05.2016', '5375.00'),
(1873, 39, '26.05.2016', '6225.00'),
(1874, 39, '27.05.2016', '6100.00'),
(1875, 39, '28.05.2016', '6225.00'),
(1876, 39, '29.05.2016', '5050.00'),
(1877, 39, '30.05.2016', '5045.00'),
(1878, 39, '31.05.2016', '6100.00'),
(1879, 39, '01.06.2016', '5500.00'),
(1880, 39, '02.06.2016', '5045.00'),
(1881, 39, '03.06.2016', '7550.00'),
(1882, 39, '04.06.2016', '5650.00'),
(1883, 39, '05.06.2016', '5750.00'),
(1884, 39, '06.06.2016', '5500.00'),
(1885, 39, '07.06.2016', '5450.00'),
(1886, 39, '08.06.2016', '5675.00'),
(1887, 39, '09.06.2016', '5900.00'),
(1888, 39, '10.06.2016', '5375.00'),
(1889, 39, '11.06.2016', '5650.00'),
(1890, 39, '12.06.2016', '7150.00'),
(1891, 39, '13.06.2016', '5650.00'),
(1892, 39, '14.06.2016', '7550.00'),
(1893, 39, '15.06.2016', '7550.00'),
(1894, 39, '16.06.2016', '5045.00'),
(1895, 39, '17.06.2016', '5675.00'),
(1896, 39, '18.06.2016', '5250.00'),
(1897, 39, '19.06.2016', '5750.00'),
(1898, 39, '20.06.2016', '6100.00'),
(1899, 39, '21.06.2016', '5050.00'),
(1900, 39, '22.06.2016', '5500.00'),
(1901, 39, '23.06.2016', '5750.00'),
(1902, 39, '24.06.2016', '6525.00'),
(1903, 39, '25.06.2016', '7550.00'),
(1904, 39, '26.06.2016', '6640.00'),
(1905, 39, '27.06.2016', '5650.00'),
(1906, 39, '28.06.2016', '7150.00'),
(1907, 39, '29.06.2016', '5650.00'),
(1908, 39, '30.06.2016', '7550.00'),
(1909, 40, '09.05.2016', '5900.00'),
(1910, 40, '10.05.2016', '7550.00'),
(1911, 40, '11.05.2016', '6100.00'),
(1912, 40, '12.05.2016', '5045.00'),
(1913, 40, '13.05.2016', '5125.00'),
(1914, 40, '14.05.2016', '5750.00'),
(1915, 40, '15.05.2016', '6225.00'),
(1916, 40, '16.05.2016', '7550.00'),
(1917, 40, '17.05.2016', '5250.00'),
(1918, 40, '18.05.2016', '6525.00'),
(1919, 40, '19.05.2016', '5750.00'),
(1920, 40, '20.05.2016', '6640.00'),
(1921, 40, '21.05.2016', '5750.00'),
(1922, 40, '22.05.2016', '5650.00'),
(1923, 40, '23.05.2016', '6640.00'),
(1924, 40, '24.05.2016', '5125.00'),
(1925, 40, '25.05.2016', '5650.00'),
(1926, 40, '26.05.2016', '5900.00'),
(1927, 40, '27.05.2016', '5750.00'),
(1928, 40, '28.05.2016', '5900.00'),
(1929, 40, '29.05.2016', '7150.00'),
(1930, 40, '30.05.2016', '7150.00'),
(1931, 40, '31.05.2016', '5125.00'),
(1932, 40, '01.06.2016', '5250.00'),
(1933, 40, '02.06.2016', '5375.00'),
(1934, 40, '03.06.2016', '5125.00'),
(1935, 40, '04.06.2016', '6525.00'),
(1936, 40, '05.06.2016', '5450.00'),
(1937, 40, '06.06.2016', '5950.00'),
(1938, 40, '07.06.2016', '7150.00'),
(1939, 40, '08.06.2016', '6640.00'),
(1940, 40, '09.06.2016', '7150.00'),
(1941, 40, '10.06.2016', '7150.00'),
(1942, 40, '11.06.2016', '5250.00'),
(1943, 40, '12.06.2016', '7150.00'),
(1944, 40, '13.06.2016', '5750.00'),
(1945, 40, '14.06.2016', '5500.00'),
(1946, 40, '15.06.2016', '7550.00'),
(1947, 40, '16.06.2016', '5650.00'),
(1948, 40, '17.06.2016', '5900.00'),
(1949, 40, '18.06.2016', '5750.00'),
(1950, 40, '19.06.2016', '5750.00'),
(1951, 40, '20.06.2016', '5250.00'),
(1952, 40, '21.06.2016', '6100.00'),
(1953, 40, '22.06.2016', '6640.00'),
(1954, 40, '23.06.2016', '5675.00'),
(1955, 40, '24.06.2016', '5375.00'),
(1956, 40, '25.06.2016', '6225.00'),
(1957, 40, '26.06.2016', '6525.00'),
(1958, 40, '27.06.2016', '5950.00'),
(1959, 40, '28.06.2016', '5375.00'),
(1960, 40, '29.06.2016', '5250.00'),
(1961, 40, '30.06.2016', '5375.00'),
(1962, 41, '09.05.2016', '5450.00'),
(1963, 41, '10.05.2016', '6640.00'),
(1964, 41, '11.05.2016', '6640.00'),
(1965, 41, '12.05.2016', '5675.00'),
(1966, 41, '13.05.2016', '5750.00'),
(1967, 41, '14.05.2016', '6525.00'),
(1968, 41, '15.05.2016', '5250.00'),
(1969, 41, '16.05.2016', '5950.00'),
(1970, 41, '17.05.2016', '6225.00'),
(1971, 41, '18.05.2016', '6640.00'),
(1972, 41, '19.05.2016', '5375.00'),
(1973, 41, '20.05.2016', '5675.00'),
(1974, 41, '21.05.2016', '5950.00'),
(1975, 41, '22.05.2016', '5675.00'),
(1976, 41, '23.05.2016', '7150.00'),
(1977, 41, '24.05.2016', '5675.00'),
(1978, 41, '25.05.2016', '7150.00'),
(1979, 41, '26.05.2016', '5675.00'),
(1980, 41, '27.05.2016', '5250.00'),
(1981, 41, '28.05.2016', '5950.00'),
(1982, 41, '29.05.2016', '5750.00'),
(1983, 41, '30.05.2016', '6640.00'),
(1984, 41, '31.05.2016', '5125.00'),
(1985, 41, '01.06.2016', '5750.00'),
(1986, 41, '02.06.2016', '7150.00'),
(1987, 41, '03.06.2016', '5900.00'),
(1988, 41, '04.06.2016', '5650.00'),
(1989, 41, '05.06.2016', '6525.00'),
(1990, 41, '06.06.2016', '6225.00'),
(1991, 41, '07.06.2016', '5900.00'),
(1992, 41, '08.06.2016', '5500.00'),
(1993, 41, '09.06.2016', '5950.00'),
(1994, 41, '10.06.2016', '6640.00'),
(1995, 41, '11.06.2016', '5500.00'),
(1996, 41, '12.06.2016', '5375.00'),
(1997, 41, '13.06.2016', '5125.00'),
(1998, 41, '14.06.2016', '6640.00'),
(1999, 41, '15.06.2016', '6100.00'),
(2000, 41, '16.06.2016', '7550.00'),
(2001, 41, '17.06.2016', '5950.00'),
(2002, 41, '18.06.2016', '5950.00'),
(2003, 41, '19.06.2016', '6525.00'),
(2004, 41, '20.06.2016', '5045.00'),
(2005, 41, '21.06.2016', '5950.00'),
(2006, 41, '22.06.2016', '6525.00'),
(2007, 41, '23.06.2016', '5045.00'),
(2008, 41, '24.06.2016', '5750.00'),
(2009, 41, '25.06.2016', '5045.00'),
(2010, 41, '26.06.2016', '5045.00'),
(2011, 41, '27.06.2016', '5450.00'),
(2012, 41, '28.06.2016', '5950.00'),
(2013, 41, '29.06.2016', '5750.00'),
(2014, 41, '30.06.2016', '6640.00'),
(2015, 42, '09.05.2016', '6640.00'),
(2016, 42, '10.05.2016', '5675.00'),
(2017, 42, '11.05.2016', '7550.00'),
(2018, 42, '12.05.2016', '5050.00'),
(2019, 42, '13.05.2016', '5045.00'),
(2020, 42, '14.05.2016', '5045.00'),
(2021, 42, '15.05.2016', '6640.00'),
(2022, 42, '16.05.2016', '7550.00'),
(2023, 42, '17.05.2016', '7550.00'),
(2024, 42, '18.05.2016', '5125.00'),
(2025, 42, '19.05.2016', '5045.00'),
(2026, 42, '20.05.2016', '6225.00'),
(2027, 42, '21.05.2016', '5900.00'),
(2028, 42, '22.05.2016', '5050.00'),
(2029, 42, '23.05.2016', '5675.00'),
(2030, 42, '24.05.2016', '5500.00'),
(2031, 42, '25.05.2016', '5375.00'),
(2032, 42, '26.05.2016', '5650.00'),
(2033, 42, '27.05.2016', '5125.00'),
(2034, 42, '28.05.2016', '5250.00'),
(2035, 42, '29.05.2016', '7550.00'),
(2036, 42, '30.05.2016', '5250.00'),
(2037, 42, '31.05.2016', '7550.00'),
(2038, 42, '01.06.2016', '5250.00'),
(2039, 42, '02.06.2016', '5045.00'),
(2040, 42, '03.06.2016', '5500.00'),
(2041, 42, '04.06.2016', '6100.00'),
(2042, 42, '05.06.2016', '6225.00'),
(2043, 42, '06.06.2016', '5950.00'),
(2044, 42, '07.06.2016', '5050.00'),
(2045, 42, '08.06.2016', '5045.00'),
(2046, 42, '09.06.2016', '6100.00'),
(2047, 42, '10.06.2016', '5450.00'),
(2048, 42, '11.06.2016', '7150.00'),
(2049, 42, '12.06.2016', '5045.00'),
(2050, 42, '13.06.2016', '5750.00'),
(2051, 42, '14.06.2016', '7550.00'),
(2052, 42, '15.06.2016', '5375.00'),
(2053, 42, '16.06.2016', '5900.00'),
(2054, 42, '17.06.2016', '6100.00'),
(2055, 42, '18.06.2016', '5375.00'),
(2056, 42, '19.06.2016', '5500.00'),
(2057, 42, '20.06.2016', '6225.00'),
(2058, 42, '21.06.2016', '6100.00'),
(2059, 42, '22.06.2016', '5045.00'),
(2060, 42, '23.06.2016', '5650.00'),
(2061, 42, '24.06.2016', '6640.00'),
(2062, 42, '25.06.2016', '7150.00'),
(2063, 42, '26.06.2016', '5125.00'),
(2064, 42, '27.06.2016', '5650.00'),
(2065, 42, '28.06.2016', '6225.00'),
(2066, 42, '29.06.2016', '5950.00'),
(2067, 42, '30.06.2016', '5050.00'),
(2068, 43, '09.05.2016', '5675.00'),
(2069, 43, '10.05.2016', '5650.00'),
(2070, 43, '11.05.2016', '5045.00'),
(2071, 43, '12.05.2016', '5250.00'),
(2072, 43, '13.05.2016', '5045.00'),
(2073, 43, '14.05.2016', '6100.00'),
(2074, 43, '15.05.2016', '5250.00'),
(2075, 43, '16.05.2016', '6640.00'),
(2076, 43, '17.05.2016', '7550.00'),
(2077, 43, '18.05.2016', '5250.00'),
(2078, 43, '19.05.2016', '6225.00'),
(2079, 43, '20.05.2016', '7150.00'),
(2080, 43, '21.05.2016', '7150.00'),
(2081, 43, '22.05.2016', '5650.00'),
(2082, 43, '23.05.2016', '5650.00'),
(2083, 43, '24.05.2016', '5950.00'),
(2084, 43, '25.05.2016', '6525.00'),
(2085, 43, '26.05.2016', '6640.00'),
(2086, 43, '27.05.2016', '7550.00'),
(2087, 43, '28.05.2016', '5500.00'),
(2088, 43, '29.05.2016', '5045.00'),
(2089, 43, '30.05.2016', '5450.00'),
(2090, 43, '31.05.2016', '5450.00'),
(2091, 43, '01.06.2016', '7150.00'),
(2092, 43, '02.06.2016', '6525.00'),
(2093, 43, '03.06.2016', '5900.00'),
(2094, 43, '04.06.2016', '5050.00'),
(2095, 43, '05.06.2016', '5950.00'),
(2096, 43, '06.06.2016', '5950.00'),
(2097, 43, '07.06.2016', '5450.00'),
(2098, 43, '08.06.2016', '7550.00'),
(2099, 43, '09.06.2016', '5125.00'),
(2100, 43, '10.06.2016', '5950.00'),
(2101, 43, '11.06.2016', '5900.00'),
(2102, 43, '12.06.2016', '6525.00'),
(2103, 43, '13.06.2016', '6640.00'),
(2104, 43, '14.06.2016', '5500.00'),
(2105, 43, '15.06.2016', '5050.00'),
(2106, 43, '16.06.2016', '5675.00'),
(2107, 43, '17.06.2016', '6225.00'),
(2108, 43, '18.06.2016', '5675.00'),
(2109, 43, '19.06.2016', '6100.00'),
(2110, 43, '20.06.2016', '5050.00'),
(2111, 43, '21.06.2016', '5650.00'),
(2112, 43, '22.06.2016', '6225.00'),
(2113, 43, '23.06.2016', '6640.00'),
(2114, 43, '24.06.2016', '6640.00'),
(2115, 43, '25.06.2016', '5250.00'),
(2116, 43, '26.06.2016', '6640.00'),
(2117, 43, '27.06.2016', '7150.00'),
(2118, 43, '28.06.2016', '5750.00'),
(2119, 43, '29.06.2016', '7550.00'),
(2120, 43, '30.06.2016', '5125.00'),
(2121, 44, '09.05.2016', '5050.00'),
(2122, 44, '10.05.2016', '5050.00'),
(2123, 44, '11.05.2016', '6100.00'),
(2124, 44, '12.05.2016', '5650.00'),
(2125, 44, '13.05.2016', '5500.00'),
(2126, 44, '14.05.2016', '5375.00'),
(2127, 44, '15.05.2016', '5650.00'),
(2128, 44, '16.05.2016', '5500.00'),
(2129, 44, '17.05.2016', '6100.00'),
(2130, 44, '18.05.2016', '7550.00'),
(2131, 44, '19.05.2016', '5500.00'),
(2132, 44, '20.05.2016', '5675.00'),
(2133, 44, '21.05.2016', '5950.00'),
(2134, 44, '22.05.2016', '5250.00'),
(2135, 44, '23.05.2016', '7150.00'),
(2136, 44, '24.05.2016', '5125.00'),
(2137, 44, '25.05.2016', '6225.00'),
(2138, 44, '26.05.2016', '6225.00'),
(2139, 44, '27.05.2016', '6640.00'),
(2140, 44, '28.05.2016', '6100.00'),
(2141, 44, '29.05.2016', '7150.00'),
(2142, 44, '30.05.2016', '5450.00'),
(2143, 44, '31.05.2016', '5900.00'),
(2144, 44, '01.06.2016', '6100.00'),
(2145, 44, '02.06.2016', '5125.00'),
(2146, 44, '03.06.2016', '5045.00'),
(2147, 44, '04.06.2016', '7550.00'),
(2148, 44, '05.06.2016', '7550.00'),
(2149, 44, '06.06.2016', '5750.00'),
(2150, 44, '07.06.2016', '5500.00'),
(2151, 44, '08.06.2016', '5050.00'),
(2152, 44, '09.06.2016', '7150.00'),
(2153, 44, '10.06.2016', '5675.00'),
(2154, 44, '11.06.2016', '6100.00'),
(2155, 44, '12.06.2016', '6225.00'),
(2156, 44, '13.06.2016', '6525.00'),
(2157, 44, '14.06.2016', '5900.00'),
(2158, 44, '15.06.2016', '6640.00'),
(2159, 44, '16.06.2016', '6640.00'),
(2160, 44, '17.06.2016', '5750.00'),
(2161, 44, '18.06.2016', '5450.00'),
(2162, 44, '19.06.2016', '5900.00'),
(2163, 44, '20.06.2016', '5900.00'),
(2164, 44, '21.06.2016', '5500.00'),
(2165, 44, '22.06.2016', '6640.00'),
(2166, 44, '23.06.2016', '5125.00'),
(2167, 44, '24.06.2016', '6640.00'),
(2168, 44, '25.06.2016', '6225.00'),
(2169, 44, '26.06.2016', '5750.00'),
(2170, 44, '27.06.2016', '5675.00'),
(2171, 44, '28.06.2016', '5750.00'),
(2172, 44, '29.06.2016', '5900.00'),
(2173, 44, '30.06.2016', '5250.00'),
(2174, 45, '09.05.2016', '5045.00'),
(2175, 45, '10.05.2016', '5450.00'),
(2176, 45, '11.05.2016', '5375.00'),
(2177, 45, '12.05.2016', '5250.00'),
(2178, 45, '13.05.2016', '5750.00'),
(2179, 45, '14.05.2016', '7150.00'),
(2180, 45, '15.05.2016', '5250.00'),
(2181, 45, '16.05.2016', '5950.00'),
(2182, 45, '17.05.2016', '7150.00'),
(2183, 45, '18.05.2016', '5950.00'),
(2184, 45, '19.05.2016', '5900.00'),
(2185, 45, '20.05.2016', '5900.00'),
(2186, 45, '21.05.2016', '7550.00'),
(2187, 45, '22.05.2016', '6640.00'),
(2188, 45, '23.05.2016', '7150.00'),
(2189, 45, '24.05.2016', '5375.00'),
(2190, 45, '25.05.2016', '5045.00'),
(2191, 45, '26.05.2016', '5050.00'),
(2192, 45, '27.05.2016', '5750.00'),
(2193, 45, '28.05.2016', '6225.00'),
(2194, 45, '29.05.2016', '5045.00'),
(2195, 45, '30.05.2016', '5750.00'),
(2196, 45, '31.05.2016', '5125.00'),
(2197, 45, '01.06.2016', '6525.00'),
(2198, 45, '02.06.2016', '5675.00'),
(2199, 45, '03.06.2016', '6525.00'),
(2200, 45, '04.06.2016', '5950.00'),
(2201, 45, '05.06.2016', '6525.00'),
(2202, 45, '06.06.2016', '5250.00'),
(2203, 45, '07.06.2016', '5675.00'),
(2204, 45, '08.06.2016', '5125.00'),
(2205, 45, '09.06.2016', '5950.00'),
(2206, 45, '10.06.2016', '5900.00'),
(2207, 45, '11.06.2016', '5050.00'),
(2208, 45, '12.06.2016', '5675.00'),
(2209, 45, '13.06.2016', '5675.00'),
(2210, 45, '14.06.2016', '5675.00'),
(2211, 45, '15.06.2016', '6100.00'),
(2212, 45, '16.06.2016', '5125.00'),
(2213, 45, '17.06.2016', '5950.00'),
(2214, 45, '18.06.2016', '5125.00'),
(2215, 45, '19.06.2016', '5750.00'),
(2216, 45, '20.06.2016', '7150.00'),
(2217, 45, '21.06.2016', '5675.00'),
(2218, 45, '22.06.2016', '6525.00'),
(2219, 45, '23.06.2016', '5900.00'),
(2220, 45, '24.06.2016', '6525.00'),
(2221, 45, '25.06.2016', '5050.00'),
(2222, 45, '26.06.2016', '6525.00'),
(2223, 45, '27.06.2016', '7150.00'),
(2224, 45, '28.06.2016', '5650.00'),
(2225, 45, '29.06.2016', '5450.00'),
(2226, 45, '30.06.2016', '5045.00'),
(2227, 46, '09.05.2016', '5900.00'),
(2228, 46, '10.05.2016', '6525.00'),
(2229, 46, '11.05.2016', '5045.00'),
(2230, 46, '12.05.2016', '5250.00'),
(2231, 46, '13.05.2016', '6640.00'),
(2232, 46, '14.05.2016', '6525.00'),
(2233, 46, '15.05.2016', '5375.00'),
(2234, 46, '16.05.2016', '5125.00'),
(2235, 46, '17.05.2016', '5250.00'),
(2236, 46, '18.05.2016', '7550.00'),
(2237, 46, '19.05.2016', '5050.00'),
(2238, 46, '20.05.2016', '5650.00'),
(2239, 46, '21.05.2016', '7150.00'),
(2240, 46, '22.05.2016', '6100.00'),
(2241, 46, '23.05.2016', '6100.00'),
(2242, 46, '24.05.2016', '5650.00'),
(2243, 46, '25.05.2016', '7150.00'),
(2244, 46, '26.05.2016', '7550.00'),
(2245, 46, '27.05.2016', '6225.00'),
(2246, 46, '28.05.2016', '5950.00'),
(2247, 46, '29.05.2016', '5650.00'),
(2248, 46, '30.05.2016', '7150.00'),
(2249, 46, '31.05.2016', '5950.00'),
(2250, 46, '01.06.2016', '6100.00'),
(2251, 46, '02.06.2016', '5900.00'),
(2252, 46, '03.06.2016', '6100.00'),
(2253, 46, '04.06.2016', '5125.00'),
(2254, 46, '05.06.2016', '6100.00'),
(2255, 46, '06.06.2016', '5650.00'),
(2256, 46, '07.06.2016', '5045.00'),
(2257, 46, '08.06.2016', '5045.00'),
(2258, 46, '09.06.2016', '5375.00'),
(2259, 46, '10.06.2016', '5450.00'),
(2260, 46, '11.06.2016', '5375.00'),
(2261, 46, '12.06.2016', '5125.00'),
(2262, 46, '13.06.2016', '6100.00'),
(2263, 46, '14.06.2016', '6640.00'),
(2264, 46, '15.06.2016', '6640.00'),
(2265, 46, '16.06.2016', '5045.00'),
(2266, 46, '17.06.2016', '5050.00'),
(2267, 46, '18.06.2016', '7550.00'),
(2268, 46, '19.06.2016', '5650.00'),
(2269, 46, '20.06.2016', '5500.00'),
(2270, 46, '21.06.2016', '5650.00'),
(2271, 46, '22.06.2016', '5500.00'),
(2272, 46, '23.06.2016', '7550.00'),
(2273, 46, '24.06.2016', '7150.00'),
(2274, 46, '25.06.2016', '7550.00'),
(2275, 46, '26.06.2016', '5650.00'),
(2276, 46, '27.06.2016', '5675.00'),
(2277, 46, '28.06.2016', '7150.00'),
(2278, 46, '29.06.2016', '6225.00'),
(2279, 46, '30.06.2016', '6640.00'),
(2280, 47, '09.05.2016', '5675.00'),
(2281, 47, '10.05.2016', '5250.00'),
(2282, 47, '11.05.2016', '5675.00'),
(2283, 47, '12.05.2016', '5900.00'),
(2284, 47, '13.05.2016', '5750.00'),
(2285, 47, '14.05.2016', '5675.00'),
(2286, 47, '15.05.2016', '7150.00'),
(2287, 47, '16.05.2016', '6525.00'),
(2288, 47, '17.05.2016', '5375.00'),
(2289, 47, '18.05.2016', '5050.00'),
(2290, 47, '19.05.2016', '5125.00'),
(2291, 47, '20.05.2016', '5250.00'),
(2292, 47, '21.05.2016', '5950.00'),
(2293, 47, '22.05.2016', '6525.00'),
(2294, 47, '23.05.2016', '5450.00'),
(2295, 47, '24.05.2016', '5500.00'),
(2296, 47, '25.05.2016', '5050.00'),
(2297, 47, '26.05.2016', '6225.00'),
(2298, 47, '27.05.2016', '5250.00'),
(2299, 47, '28.05.2016', '5250.00'),
(2300, 47, '29.05.2016', '5675.00'),
(2301, 47, '30.05.2016', '5950.00'),
(2302, 47, '31.05.2016', '5675.00'),
(2303, 47, '01.06.2016', '7550.00'),
(2304, 47, '02.06.2016', '5650.00'),
(2305, 47, '03.06.2016', '6640.00'),
(2306, 47, '04.06.2016', '6640.00'),
(2307, 47, '05.06.2016', '7550.00'),
(2308, 47, '06.06.2016', '5375.00'),
(2309, 47, '07.06.2016', '5675.00'),
(2310, 47, '08.06.2016', '5125.00'),
(2311, 47, '09.06.2016', '7550.00'),
(2312, 47, '10.06.2016', '5900.00'),
(2313, 47, '11.06.2016', '5650.00'),
(2314, 47, '12.06.2016', '7550.00'),
(2315, 47, '13.06.2016', '7150.00'),
(2316, 47, '14.06.2016', '6100.00'),
(2317, 47, '15.06.2016', '6100.00'),
(2318, 47, '16.06.2016', '5500.00'),
(2319, 47, '17.06.2016', '5045.00'),
(2320, 47, '18.06.2016', '5650.00'),
(2321, 47, '19.06.2016', '5750.00'),
(2322, 47, '20.06.2016', '7550.00'),
(2323, 47, '21.06.2016', '5500.00'),
(2324, 47, '22.06.2016', '5125.00'),
(2325, 47, '23.06.2016', '5125.00'),
(2326, 47, '24.06.2016', '6525.00'),
(2327, 47, '25.06.2016', '5650.00'),
(2328, 47, '26.06.2016', '5900.00'),
(2329, 47, '27.06.2016', '5950.00'),
(2330, 47, '28.06.2016', '6525.00'),
(2331, 47, '29.06.2016', '5450.00'),
(2332, 47, '30.06.2016', '5500.00'),
(2333, 48, '09.05.2016', '5375.00'),
(2334, 48, '10.05.2016', '5900.00'),
(2335, 48, '11.05.2016', '5450.00'),
(2336, 48, '12.05.2016', '5125.00'),
(2337, 48, '13.05.2016', '6100.00'),
(2338, 48, '14.05.2016', '5900.00'),
(2339, 48, '15.05.2016', '5950.00'),
(2340, 48, '16.05.2016', '5900.00'),
(2341, 48, '17.05.2016', '5675.00'),
(2342, 48, '18.05.2016', '7550.00'),
(2343, 48, '19.05.2016', '5500.00'),
(2344, 48, '20.05.2016', '5045.00'),
(2345, 48, '21.05.2016', '5125.00'),
(2346, 48, '22.05.2016', '5050.00'),
(2347, 48, '23.05.2016', '5675.00'),
(2348, 48, '24.05.2016', '6100.00'),
(2349, 48, '25.05.2016', '6640.00'),
(2350, 48, '26.05.2016', '6225.00'),
(2351, 48, '27.05.2016', '6640.00'),
(2352, 48, '28.05.2016', '5950.00'),
(2353, 48, '29.05.2016', '5950.00'),
(2354, 48, '30.05.2016', '5500.00'),
(2355, 48, '31.05.2016', '6100.00'),
(2356, 48, '01.06.2016', '6100.00'),
(2357, 48, '02.06.2016', '5950.00'),
(2358, 48, '03.06.2016', '6100.00'),
(2359, 48, '04.06.2016', '6525.00'),
(2360, 48, '05.06.2016', '6640.00'),
(2361, 48, '06.06.2016', '5125.00'),
(2362, 48, '07.06.2016', '5675.00'),
(2363, 48, '08.06.2016', '6640.00'),
(2364, 48, '09.06.2016', '6225.00'),
(2365, 48, '10.06.2016', '7550.00'),
(2366, 48, '11.06.2016', '6640.00'),
(2367, 48, '12.06.2016', '5450.00'),
(2368, 48, '13.06.2016', '5675.00'),
(2369, 48, '14.06.2016', '5900.00'),
(2370, 48, '15.06.2016', '5675.00'),
(2371, 48, '16.06.2016', '5750.00'),
(2372, 48, '17.06.2016', '6100.00'),
(2373, 48, '18.06.2016', '6525.00'),
(2374, 48, '19.06.2016', '5950.00'),
(2375, 48, '20.06.2016', '5650.00'),
(2376, 48, '21.06.2016', '5450.00'),
(2377, 48, '22.06.2016', '5375.00'),
(2378, 48, '23.06.2016', '5650.00'),
(2379, 48, '24.06.2016', '5250.00'),
(2380, 48, '25.06.2016', '6100.00'),
(2381, 48, '26.06.2016', '5675.00'),
(2382, 48, '27.06.2016', '5650.00'),
(2383, 48, '28.06.2016', '5500.00'),
(2384, 48, '29.06.2016', '7550.00'),
(2385, 48, '30.06.2016', '6225.00'),
(2386, 49, '09.05.2016', '5050.00'),
(2387, 49, '10.05.2016', '6100.00'),
(2388, 49, '11.05.2016', '5125.00'),
(2389, 49, '12.05.2016', '7150.00'),
(2390, 49, '13.05.2016', '5950.00'),
(2391, 49, '14.05.2016', '5125.00'),
(2392, 49, '15.05.2016', '5250.00'),
(2393, 49, '16.05.2016', '5650.00'),
(2394, 49, '17.05.2016', '5250.00'),
(2395, 49, '18.05.2016', '5650.00'),
(2396, 49, '19.05.2016', '5250.00'),
(2397, 49, '20.05.2016', '5125.00'),
(2398, 49, '21.05.2016', '5500.00'),
(2399, 49, '22.05.2016', '5050.00'),
(2400, 49, '23.05.2016', '5250.00'),
(2401, 49, '24.05.2016', '5500.00'),
(2402, 49, '25.05.2016', '5050.00'),
(2403, 49, '26.05.2016', '7550.00'),
(2404, 49, '27.05.2016', '5675.00'),
(2405, 49, '28.05.2016', '5750.00'),
(2406, 49, '29.05.2016', '6225.00'),
(2407, 49, '30.05.2016', '6525.00'),
(2408, 49, '31.05.2016', '5950.00'),
(2409, 49, '01.06.2016', '5450.00'),
(2410, 49, '02.06.2016', '6100.00'),
(2411, 49, '03.06.2016', '5750.00'),
(2412, 49, '04.06.2016', '5450.00'),
(2413, 49, '05.06.2016', '5650.00'),
(2414, 49, '06.06.2016', '5750.00'),
(2415, 49, '07.06.2016', '5125.00'),
(2416, 49, '08.06.2016', '5125.00'),
(2417, 49, '09.06.2016', '7150.00'),
(2418, 49, '10.06.2016', '6640.00'),
(2419, 49, '11.06.2016', '5050.00'),
(2420, 49, '12.06.2016', '6525.00'),
(2421, 49, '13.06.2016', '6640.00'),
(2422, 49, '14.06.2016', '5250.00'),
(2423, 49, '15.06.2016', '5900.00'),
(2424, 49, '16.06.2016', '6525.00'),
(2425, 49, '17.06.2016', '7150.00'),
(2426, 49, '18.06.2016', '5900.00'),
(2427, 49, '19.06.2016', '5750.00'),
(2428, 49, '20.06.2016', '5675.00'),
(2429, 49, '21.06.2016', '5045.00'),
(2430, 49, '22.06.2016', '5450.00'),
(2431, 49, '23.06.2016', '5500.00'),
(2432, 49, '24.06.2016', '6525.00'),
(2433, 49, '25.06.2016', '5950.00'),
(2434, 49, '26.06.2016', '5125.00'),
(2435, 49, '27.06.2016', '6100.00'),
(2436, 49, '28.06.2016', '7150.00'),
(2437, 49, '29.06.2016', '5650.00'),
(2438, 49, '30.06.2016', '6525.00'),
(2439, 50, '09.05.2016', '6225.00'),
(2440, 50, '10.05.2016', '6100.00'),
(2441, 50, '11.05.2016', '5950.00'),
(2442, 50, '12.05.2016', '6640.00'),
(2443, 50, '13.05.2016', '6525.00'),
(2444, 50, '14.05.2016', '5450.00'),
(2445, 50, '15.05.2016', '5650.00'),
(2446, 50, '16.05.2016', '5900.00'),
(2447, 50, '17.05.2016', '5750.00'),
(2448, 50, '18.05.2016', '5750.00'),
(2449, 50, '19.05.2016', '5375.00'),
(2450, 50, '20.05.2016', '5900.00'),
(2451, 50, '21.05.2016', '6225.00'),
(2452, 50, '22.05.2016', '5250.00'),
(2453, 50, '23.05.2016', '5950.00'),
(2454, 50, '24.05.2016', '5950.00'),
(2455, 50, '25.05.2016', '5650.00'),
(2456, 50, '26.05.2016', '6225.00'),
(2457, 50, '27.05.2016', '6100.00'),
(2458, 50, '28.05.2016', '5675.00'),
(2459, 50, '29.05.2016', '5650.00'),
(2460, 50, '30.05.2016', '5375.00'),
(2461, 50, '31.05.2016', '6640.00'),
(2462, 50, '01.06.2016', '5125.00'),
(2463, 50, '02.06.2016', '5500.00'),
(2464, 50, '03.06.2016', '5450.00'),
(2465, 50, '04.06.2016', '5650.00'),
(2466, 50, '05.06.2016', '5500.00'),
(2467, 50, '06.06.2016', '7550.00'),
(2468, 50, '07.06.2016', '5750.00'),
(2469, 50, '08.06.2016', '6100.00'),
(2470, 50, '09.06.2016', '5500.00'),
(2471, 50, '10.06.2016', '5375.00'),
(2472, 50, '11.06.2016', '6225.00'),
(2473, 50, '12.06.2016', '6100.00'),
(2474, 50, '13.06.2016', '5500.00'),
(2475, 50, '14.06.2016', '5750.00'),
(2476, 50, '15.06.2016', '5900.00'),
(2477, 50, '16.06.2016', '5450.00'),
(2478, 50, '17.06.2016', '5250.00'),
(2479, 50, '18.06.2016', '5045.00'),
(2480, 50, '19.06.2016', '7150.00'),
(2481, 50, '20.06.2016', '7150.00'),
(2482, 50, '21.06.2016', '6640.00'),
(2483, 50, '22.06.2016', '5045.00'),
(2484, 50, '23.06.2016', '6525.00'),
(2485, 50, '24.06.2016', '5450.00'),
(2486, 50, '25.06.2016', '5675.00'),
(2487, 50, '26.06.2016', '5900.00'),
(2488, 50, '27.06.2016', '5900.00'),
(2489, 50, '28.06.2016', '7550.00'),
(2490, 50, '29.06.2016', '5950.00'),
(2491, 50, '30.06.2016', '6525.00'),
(2492, 51, '09.05.2016', '7550.00'),
(2493, 51, '10.05.2016', '5125.00'),
(2494, 51, '11.05.2016', '5900.00'),
(2495, 51, '12.05.2016', '5050.00'),
(2496, 51, '13.05.2016', '5125.00'),
(2497, 51, '14.05.2016', '5900.00'),
(2498, 51, '15.05.2016', '7150.00'),
(2499, 51, '16.05.2016', '6640.00'),
(2500, 51, '17.05.2016', '5650.00'),
(2501, 51, '18.05.2016', '7550.00'),
(2502, 51, '19.05.2016', '5250.00'),
(2503, 51, '20.05.2016', '5900.00'),
(2504, 51, '21.05.2016', '5675.00'),
(2505, 51, '22.05.2016', '5450.00'),
(2506, 51, '23.05.2016', '5750.00'),
(2507, 51, '24.05.2016', '5900.00'),
(2508, 51, '25.05.2016', '5500.00'),
(2509, 51, '26.05.2016', '5900.00'),
(2510, 51, '27.05.2016', '5045.00'),
(2511, 51, '28.05.2016', '6640.00'),
(2512, 51, '29.05.2016', '5500.00'),
(2513, 51, '30.05.2016', '5675.00'),
(2514, 51, '31.05.2016', '5045.00'),
(2515, 51, '01.06.2016', '5750.00'),
(2516, 51, '02.06.2016', '5675.00'),
(2517, 51, '03.06.2016', '5375.00'),
(2518, 51, '04.06.2016', '7150.00'),
(2519, 51, '05.06.2016', '5675.00'),
(2520, 51, '06.06.2016', '5375.00'),
(2521, 51, '07.06.2016', '7550.00'),
(2522, 51, '08.06.2016', '7550.00'),
(2523, 51, '09.06.2016', '5500.00'),
(2524, 51, '10.06.2016', '5045.00'),
(2525, 51, '11.06.2016', '5250.00'),
(2526, 51, '12.06.2016', '5500.00'),
(2527, 51, '13.06.2016', '6100.00'),
(2528, 51, '14.06.2016', '5500.00'),
(2529, 51, '15.06.2016', '6100.00'),
(2530, 51, '16.06.2016', '5045.00'),
(2531, 51, '17.06.2016', '6100.00'),
(2532, 51, '18.06.2016', '5250.00'),
(2533, 51, '19.06.2016', '5900.00'),
(2534, 51, '20.06.2016', '5045.00'),
(2535, 51, '21.06.2016', '6225.00'),
(2536, 51, '22.06.2016', '5375.00'),
(2537, 51, '23.06.2016', '5650.00'),
(2538, 51, '24.06.2016', '7550.00'),
(2539, 51, '25.06.2016', '5500.00'),
(2540, 51, '26.06.2016', '5375.00'),
(2541, 51, '27.06.2016', '5750.00'),
(2542, 51, '28.06.2016', '5675.00'),
(2543, 51, '29.06.2016', '5125.00'),
(2544, 51, '30.06.2016', '5450.00');

-- --------------------------------------------------------

--
-- Структура таблицы `rooms`
--

CREATE TABLE IF NOT EXISTS `rooms` (
  `id` int(16) NOT NULL AUTO_INCREMENT,
  `hotel_id` int(11) NOT NULL,
  `selected` int(11) NOT NULL,
  UNIQUE KEY `id` (`id`)
) ENGINE=MyISAM  DEFAULT CHARSET=utf8 AUTO_INCREMENT=101 ;

--
-- Дамп данных таблицы `rooms`
--

INSERT INTO `rooms` (`id`, `hotel_id`, `selected`) VALUES
(10, 6, 1),
(11, 7, 1),
(7, 4, 1),
(12, 7, 4),
(13, 8, 3),
(14, 9, 4),
(15, 9, 2),
(16, 10, 4),
(17, 10, 1),
(18, 11, 4),
(19, 11, 2),
(20, 11, 1),
(21, 12, 4),
(22, 13, 1),
(23, 13, 2),
(24, 14, 2),
(25, 14, 1),
(26, 15, 4),
(27, 15, 3),
(28, 16, 4),
(29, 16, 2),
(30, 17, 4),
(31, 18, 4),
(32, 19, 1),
(33, 20, 4),
(34, 20, 2),
(37, 22, 4),
(38, 22, 2),
(39, 22, 1),
(40, 23, 4),
(41, 23, 3),
(42, 24, 3),
(43, 25, 1),
(44, 25, 4),
(45, 26, 4),
(46, 27, 2),
(47, 27, 3),
(48, 28, 2),
(49, 28, 4),
(50, 29, 4),
(51, 29, 3),
(52, 29, 1),
(53, 30, 1),
(54, 30, 3),
(55, 31, 3),
(56, 31, 4),
(57, 32, 4),
(58, 32, 2),
(59, 33, 1),
(60, 34, 2),
(61, 34, 1),
(62, 34, 4),
(63, 35, 2),
(64, 36, 2),
(65, 37, 3),
(66, 37, 2),
(67, 38, 3),
(68, 38, 2),
(69, 39, 2),
(70, 39, 4),
(71, 40, 2),
(72, 41, 3),
(73, 42, 3),
(74, 42, 2),
(75, 42, 4),
(76, 43, 4),
(77, 43, 1),
(78, 44, 3),
(79, 45, 3),
(80, 45, 4),
(81, 46, 4),
(82, 47, 2),
(83, 47, 3),
(84, 48, 3),
(85, 48, 4),
(86, 49, 1),
(87, 50, 1),
(88, 50, 3),
(89, 50, 2),
(90, 51, 4),
(100, 21, 3),
(99, 21, 2),
(98, 5, 4),
(97, 5, 1);

/*!40101 SET CHARACTER_SET_CLIENT=@OLD_CHARACTER_SET_CLIENT */;
/*!40101 SET CHARACTER_SET_RESULTS=@OLD_CHARACTER_SET_RESULTS */;
/*!40101 SET COLLATION_CONNECTION=@OLD_COLLATION_CONNECTION */;
